,Order ID,Category,File ID,Essay Rating,Document Content,Essay Content,PST Score,Specificity Score,Pace Score,VSPICE Score,Creativity Score
0,F12E2846T1,CAPS,1dcQLzZs956CwF0UeRQfNslNnmoxZZPeuH_k-P4bQoOk,7.75,"Xocthavy has previously uploaded this essay to our portal 1 time(s). For a link to their previous draft (Draft #1), which was rated a , see here: https://docs.google.com/document/d/1sXX9v2hdT7_lXzRxKiglBqeVDh-ItI8GxQCPv870Uac/edit?usp=drivesdk

Requested Type of Feedback: Editor’s Choice (a mix of both)

Student Comments: I usually struggle with setting the scene (in the beginning like describing his room), adding details, showing and not telling (ESPECIALLY when it comes to emotions/ my feelings). As you can see, I used sentences like ""Feeling guilty""  a lot which I think needs more depth like showing instead of telling. Furthermore, I think there are a lot of awkward words/phrasing throughout the essay. My goal is to make my sentences succint and simple, however, I'm not sure if that's apparent in the essay.

Share an essay on any topic of your choice. It can be one you've already written, one that responds to a different prompt, or one of your own design. (650 words max)

“Hee mae mg!” (fool), my grandpa yells, his teeth clenched in frustration.

“Grandpa, what is it? Do you need your urinal bottle? Or do you want water?”

“Hee mae mg!!!”

Four years ago, I became my grandpa’s caretaker. Interpreting his needs was not easy. His face held no expression except a furrowed brow and tight lips that mouthed “Hee mae mg”. 

“Mom, how do you never get tired of his shouting?” I asked.

She showed me a photo of my grandpa and said, “From morning till night, your grandpa used to sell tofu, tirelessly riding his bicycle in the heat. I never complained because I always reminded myself of the life he used to have.”

Looking at his pictures, I began to see the person he used to be. One struck me: he was spinning, and swinging his arms in the air. Now, he was confined to his bed, watching the world pass him by. I quickly realized then that he must have been scared of losing touch with life itself. Perhaps his screams were a mask for that fear. Feeling guilty for misunderstanding him, I decided to change the way I communicate with him.

Sensing the impact photos had on me, I wondered if they might have the same effect on him. I crafted my own album to share with him. 

Recognizing how isolated he must have felt, I began collecting the moments we missed together. I stood beside him and showed him pictures of my family’s Osaka trip, where we rode a Harry Potter-themed rollercoaster—my mom and I with our eyes shut, and my brother and dad’s eyes sparkling with excitement, their mouths wide open. I wanted to share these exciting and memorable feelings with him, to make him feel included in our family. When my grandpa calmed down, I felt relieved. We created our own silent language—it may not have been like others, but it was enough for my grandpa and me to understand.

Reflecting on our way of communicating, I realized that I could use the language I created to address the communication barriers that Laotians face due to the lack of access to literacy resources that limits their expression of ideas. Since Lao is a language built on compound words, I had the idea of putting a photo on top of each word. That way, Laotians could associate the composition of each word with an image, developing their literacy skills. Furthermore, inspired by the lessons learned through my grandpa’s stories, I created a visual storybook where Laotians can read with their family and share meaningful moments together. With these combined visions, I created LittleStories, an early-education reading tool.

While I was at my cousin’s house, I met five-year-old Somphone and decided to test the efficiency of my books. From reading Emma’s Passion to The Hardworking Turtle, I taught her how to read, write, and pronounce words in Lao. Every time she differentiates the word pattern between mae (bus) and maae (mom), I am reminded of creating language to communicate with my grandpa, using pictures to express what words could not. Watching Somphone learn new words and seeing my grandpa’s warm look, I’m amazed by how communication stretches beyond words. 

The room next door no longer echoes “Hee mae mg.” It's empty now, filled only with memories. Yet, I still visit to talk to my grandpa, whose presence is captured both in the frames that decorate our shelves and the photo albums resting on our tables. From the start to the end, our communication was never “normal,” but we still managed to understand one another across generations and cultural differences. In college, I hope to keep discovering new forms of communication—verbal or otherwise.
Hi Xocthavy!

Wow, as always, your essay is so good!!! I’m guessing you’re turning your essay in asap, so I’m not going to deliberate too long here with comments but get you a clean draft ASAP!

How to Condense

You’ve honestly done an incredible job with this essay, so I’m going to use this as an opportunity to give a quick lesson on editing. In this essay, one of my main edits was finding the sentences to cut to make room for other ideas. Essentially, as an editor, I searched for any spots that were a bit repetitive then combined them into one sentence.

When we’re writing, especially for essays as short as these, we want every sentence to be unique! You’ve actually already done this well, so the next step then is to make sure each sentence is necessary. 

For example, to heighten the emotional impact of your grandfather’s situation, I removed your reflection section because your writing—specifically pairing the photographs of your grandfather with your grandfather’s existing state—demonstrated that you felt his frustration. By cutting your reflection, we can actually force the reader to sit with this uncomfortable reality!

Showing the Lao Teaching!

I think we can still add a bit to the section where you teach Lao. I put some suggestions inline, but essentially the next steps for upgrading this section are the following:

Explaining the Storybooks a bit more clearly
I’m still not understanding what’s so special about these storybooks, so I want you to make it clearer! I can’t tell if they’re connected to your grandfather because you’re memorializing his stories or if they’re a visual storybook where users can fill it out themselves. See inline for my suggestions!
Note,  if they’re also storybooks unrelated to your grandfather, that’s totally fine and you can just cut the reference to your grandfather! You’ve already done an incredible job connecting the Lao teaching section with your grandfather through the “photo-based language” idea!

Showing you teaching Somphone (see inline for suggestions)
This will help us understand how the storybooks work!
Essentially, I just want you to detail your actual interactions so we can see how the storybooks and teaching works!

Explaining the difficulty in learning Lao more clearly
See inline for more, but essentially you just want to add a half sentence that explains this more clearly. Right now, I’m not seeing why it’s particularly difficult to learn compound words, so I want you to add a half sentence like “Since Lao is a language built on compound words and many Laotians struggle to read because they have not learned the basic radicals.”

All of these are noted inline, but I wanted to reiterate this here so you can remember to clarify this for your next draft!

Upgrading the Conclusion

I didn’t note this inline, but I thought your conclusion just wasn’t quite as strong as the rest of your essay! However, thankfully, Kevin actually provided a very strong suggested conclusion in our last draft, which I’ll adapt below with your new conclusion.

The room next door no longer echoes ""Hee mae mg."" It's empty now, filled only with memories. Yet, I still visit to talk to my grandpa, whose presence is captured both in the frames that decorate our shelves and the photo albums resting on our tables. From the start to the end, our communication was never “normal,” but we still managed to understand one another across generations and cultural differences. As I move on in college, I hope to keep discovering new forms of communications, and vow to never shy away from difficult conversations. I aim to serve as a bridge and amplify those who struggle to voice their struggles, because I believe that even if our differences sometimes make conversation difficult, they should never divide our humanity. 

I adapted Kevin’s ideas with your own sentence! Kevin’s conclusion builds on your current one because the conclusion adds a strong broader takeaway from your essay (the idea that “even if our differences sometimes make conversation difficult, they should never divide our humanity”). This sentiment comes across well in your essay because you’re creating tools to connect with both your grandfather and Somphone!

Clean Draft

“Hee mae mg!” (fool), my grandpa yells, his teeth clenched in frustration.

“Grandpa, what is it? Do you need your urinal bottle? Or do you want water?”

“Hee mae mg!!!”

Four years ago, I became my grandpa’s caretaker. Interpreting his needs was not easy. Paralyzed long before I was born, his face held no expression except a furrowed brow and tight lips that mouthed “Hee mae mg.” 

“Mom, how do you never get tired of his shouting?” I asked.

She showed me a photo of my grandpa and said, “From morning till night, your grandpa used to sell tofu, tirelessly riding his bicycle in the heat. I never complained because I always reminded myself of the life he used to have.”

I flipped through the album. There he was, sailing the Mekong River, riding his motorcycle, and rock climbing in Phou Khao Khouay. Now, he was confined to his bed, watching the world pass him by.

Feeling guilty for not understanding my grandfather’s pain, I decided to change the way I communicate with him. Recognizing how isolated he must feel, I began collecting the moments we missed together, wanting to provide a window into my life just like his photo album gave me. <list 2 more photo descriptions> My family riding a Harry Potter-themed rollercoaster in Osaka—my mom and I with our eyes shut, and my brother and dad’s eyes sparkling with excitement, their mouths wide open. When my grandpa next yelled hee mae mg, I showed him these photos, wanting to make him feel included in our family. He calmed down, grunting _______ with each photo. I felt relieved. We were creating our own language—a language of photos, ______, and _______ that allowed my grandfather and me to communicate across _______.

Reflecting on our way of communicating, I realized that I could use this photo-based language to address the lack of accessible literacy resources for teaching Lao. Since Lao is a language built on compound words <insert more explanation of Lao being difficult to learn>, I decided to put a photo on top of each word, allowing readers to associate the composition of each word with an image. <insert clearer explanation of the visual storytelling books>. With these combined visions, I created LittleStories, an early-education reading tool.

I decided to test the efficiency of my books on my five-year-old _______ (relation), Somphone. <insert 1 sentence depicting this teaching> From reading Emma’s Passion to The Hardworking Turtle, I taught her how to read, write, and pronounce words in Lao. Every time she differentiates the word pattern between mae (bus) and maae (mom), I am reminded of creating language to communicate with my grandpa, using pictures to express what words could not.

The room next door no longer echoes ""Hee mae mg."" It's empty now, filled only with memories. Yet, I still visit to talk to my grandpa, whose presence is captured both in the frames that decorate our shelves and the photo albums resting on our tables. From the start to the end, our communication was never “normal,” but we still managed to understand one another across generations and cultural differences. 

As I move on in college, I hope to keep discovering new forms of communications, and vow to never shy away from difficult conversations. From watching Somphone learn new words to seeing my grandpa’s warm look, I’ve learned how communication stretches beyond words. In college and beyond, I aim to amplify those who struggle to voice their struggles, because I believe that even if our differences sometimes make conversation difficult, they should never divide our humanity. 

WC: 597 — this leaves us plenty of space to add all the things I suggested!


Last but not least, to help with your writing journey, feel free to check our successful Common App example essays here! We kindly ask that you do not share this document with others. https://docs.google.com/document/d/1FfovGVOE3lrAB99vQBTqlAoQgtEvxFxFwbpsRML20Qc/edit?usp=sharing

Given the points above, I’d rate this essay as a ~7.5-8/9 in its current stage. 
For more on rating, please see the rubric attached here: 
Please note that our scale is quite harsh! Kevin and Jeff's essays were around 6.5s (and Jeff's was featured in the NYTimes). Furthermore, many of our students have gotten into top Ivy League schools with just a 6! 

Sincerely, 
Nicole","“Hee mae mg!” (fool), my grandpa yells, his teeth clenched in frustration.

“Grandpa, what is it? Do you need your urinal bottle? Or do you want water?”

“Hee mae mg!!!”

Four years ago, I became my grandpa’s caretaker. Interpreting his needs was not easy. His face held no expression except a furrowed brow and tight lips that mouthed “Hee mae mg”.

“Mom, how do you never get tired of his shouting?” I asked.

She showed me a photo of my grandpa and said, “From morning till night, your grandpa used to sell tofu, tirelessly riding his bicycle in the heat. I never complained because I always reminded myself of the life he used to have.”

Looking at his pictures, I began to see the person he used to be. One struck me: he was spinning and swinging his arms in the air. Now, he was confined to his bed, watching the world pass him by. I quickly realized then that he must have been scared of losing touch with life itself. Perhaps his screams were a mask for that fear. Feeling guilty for misunderstanding him, I decided to change the way I communicate with him.

Sensing the impact photos had on me, I wondered if they might have the same effect on him. I crafted my own album to share with him.

Recognizing how isolated he must have felt, I began collecting the moments we missed together. I stood beside him and showed him pictures of my family’s Osaka trip, where we rode a Harry Potter-themed rollercoaster—my mom and I with our eyes shut, and my brother and dad’s eyes sparkling with excitement, their mouths wide open. I wanted to share these exciting and memorable feelings with him, to make him feel included in our family. When my grandpa calmed down, I felt relieved. We created our own silent language—it may not have been like others, but it was enough for my grandpa and me to understand.

Reflecting on our way of communicating, I realized that I could use the language I created to address the communication barriers that Laotians face due to the lack of access to literacy resources that limits their expression of ideas. Since Lao is a language built on compound words, I had the idea of putting a photo on top of each word. That way, Laotians could associate the composition of each word with an image, developing their literacy skills. Furthermore, inspired by the lessons learned through my grandpa’s stories, I created a visual storybook where Laotians can read with their family and share meaningful moments together. With these combined visions, I created LittleStories, an early-education reading tool.

While I was at my cousin’s house, I met five-year-old Somphone and decided to test the efficiency of my books. From reading Emma’s Passion to The Hardworking Turtle, I taught her how to read, write, and pronounce words in Lao. Every time she differentiates the word pattern between mae (bus) and maae (mom), I am reminded of creating language to communicate with my grandpa, using pictures to express what words could not. Watching Somphone learn new words and seeing my grandpa’s warm look, I’m amazed by how communication stretches beyond words.

The room next door no longer echoes “Hee mae mg.” It's empty now, filled only with memories. Yet, I still visit to talk to my grandpa, whose presence is captured both in the frames that decorate our shelves and the photo albums resting on our tables. From the start to the end, our communication was never “normal,” but we still managed to understand one another across generations and cultural differences. In college, I hope to keep discovering new forms of communication—verbal or otherwise.",6.7,8.5,8.5,9.0,8.0
1,F12E2839T1,CAPS,1-EgLAy8xLzYU-J6MLeMEBoKcyH078rDG1cR6tVqPJkw,7.75,"Requested Type of Feedback: Editor’s Choice (a mix of both)

Student Comments: 

Share an essay on any topic of your choice. It can be one you've already written, one that responds to a different prompt, or one of your own design. (650 words max)

At three a.m., I found myself once again surrounded by the wreckage of my broken promises. The dim glow of my phone revealed a familiar scene of defeat: a sea of crumpled chip bags, grease-stained pizza boxes, and donut crumbs. I swore I wouldn’t binge again, yet each time, the urge would drown my determination like a wave swallowing a storm. My life unfolded like The Truman Show; I watched myself follow a path of scripted choices I couldn’t escape. Why did I keep repeating the same cycle? Was it comfort, or was I avoiding something worse? If I was serious about change, I knew I had to look inward, questioning the comfort I found in self-sabotage and confronting the truths I had avoided for so long.

The summer after my sophomore year, I immersed myself in studying human biology. YouTube videos on eating behaviors became nightly rituals, starting with Professor Andrew Huberman’s series on how dopamine pathways control reward-seeking behaviors. I kept rewinding the episode, taking notes as he explained intricate concepts foreign to me. Day after day, “just one more video” turned into late-night research dives, my cravings for junk food replaced with a hunger for knowledge. Eventually, the videos weren’t enough—I began poring over the precision of scientific literature.

Gaining new vocabulary like 'endorphins' and 'serotonin' helped me see my cravings differently—suddenly they became patterns I could understand, not impulses I had to obey. Each binge brought a numbing endorphin high, but as serotonin levels dipped, relief soon turned to anxiety. As my understanding of human health grew, I started to approach each urge with curiosity rather than judgement. When I felt the familiar pull toward the fridge late at night, I practiced deep breathing to calm my racing thoughts. I began journaling each time I overcame an urge to record these small victories. Slowly, these actions built a foundation of resilience, transforming my relationship with food and allowing me to regain control. Overcoming my own battle awakened a new hunger to use my experience to support others with their own limitations. This time, the urge pushing me forward was constructive and aligned with my values. My internship at the Houston Rheumatology Center took on new meaning as I realized my struggles had equipped me to offer genuine understanding and support to patients like never before.

One evening, an elderly patient approached me, gripping her walker tightly as she watched younger patients enjoying physical therapy together. “I just can’t keep up like I used to,” she sighed. I could see how the stiffness in her joints left her feeling trapped in her own body. My struggle with binging taught me that discomfort—physical or mental—could make small tasks feel impossible. I wanted to help her regain a sense of control by creating exercises that respected her limits yet rekindled the joy of movement. That night, I researched physical therapy, looking for evidence-based strategies tailored for patients with limited mobility. Inspired, I used Canva to design simple brochures with simple instructions and colorful graphics, then printed them in bulk. I offered them to patients who expressed interest or mentioned pain when trying standard exercises, hoping the knowledge within those pages could help them reclaim their independence. The overwhelming support from patients inspired me to organize community events, where I led elderly patients through these accessible exercises. Through their feedback, I saw how scientific knowledge, when paired with empathy, could uplift an entire community by giving them the tools to regain control over their lives.


Three a.m. used to be a time of broken promises and uncontrollable cravings. Now, I’m kept up by a different desire - one to bring comfort, resources, and empowerment to those who are in need. As I walk this path, I hope to offer others the empathy and support I once needed, bringing my hard-earned understanding to those facing their own battles.
Dear Bilal, 

WONDERFUL job on this essay! I’m glad to see that you just need a final polish, given that the deadline is so close! You structured this essay wonderfully, and it focuses well on your solutions and future rather than the past. I also really like how you look forward to what kind of work you’d like to do in the future. Finally, the essay is filled with very good turns of phrase that emphasize your change using interesting language. 

I largely worked on polishing the language and making it more efficient–there were a few instances where I felt certain phrases/words were being repeated too much, so I worked to replace those with new words so that it could feel less repetitive. Finally, I added some small sections where I think additional detail would make the essay even stronger. For example, I think, given that you write about all you learned in the videos, using more of the technical psychology terminology will make this section of the essay even stronger. Same goes for the physical therapy techniques you were learning. 

Given the closeness of the deadline, I’ve done the same work of creating a ‘clean’ draft here for you to go ahead and simply fill in, with all my other changes accepted: 

Three a.m.: I found myself once again surrounded by the wreckage of broken promises. The dim glow of my phone revealed a familiar scene of defeat: a sea of crumpled chip bags, grease-stained pizza boxes, and donut crumbs. I’d sworn I wouldn’t binge again, yet each time, the urge would drown my determination like a wave swallowing a drop of water. My life unfolded like The Truman Show: watching myself following paths of scripted choices I couldn’t escape. Why did I keep repeating the same cycle? Was it comfort, or was I avoiding something worse? If I was serious about change, I had to look inward, questioning the pleasure I found in self-sabotage and confronting truths I had avoided.

The summer after sophomore year, I immersed myself in studying human biology. YouTube videos on eating behaviors became nightly rituals, starting with Professor Andrew Huberman’s series on how dopamine pathways control reward-seeking behaviors. I kept rewinding the episode, taking notes as he explained intricate concepts foreign to me. Day after day, “just one more video” transformed into late-night research dives, my cravings for junk food replaced with hunger for knowledge. Eventually, the videos weren’t enough—I began poring over the source  scientific literature itself.

New vocabulary like 'endorphins' and 'serotonin' helped me see my cravings differently—suddenly they became patterns I could understand, not impulses I had to obey. Each binge brought a numbing endorphin high, but as serotonin levels dipped, relief soon collapsed to anxiety. As my understanding of physiology grew, I started to approach urges with curiosity, not judgement. Feeling the familiar pull toward the fridge at night, I put into practice what I’d learned about ___, deep breathing to calm my racing thoughts. Using ___, I journaled to record small victories whenever I overcame an urge. Slowly, these actions built resilience, transforming my relationship with food and allowing me to regain control. 

Overcoming my own battle awakened a hunger to use my experience to support others with their limitations. This time, the urges were aligned with my values. My internship at the Houston Rheumatology Center took on new meaning as I realized my struggles had equipped me to offer genuine understanding to patients. One evening, an elderly patient approached me, gripping her walker tightly as she watched younger patients enjoying physical therapy. “I just can’t keep up like I used to,” she sighed. I could see how stiffness in her joints left her feeling trapped in her own body. My struggle with binging taught me that discomfort—physical or mental—made small tasks feel impossible. I wanted to help her regain a sense of control by creating exercises that respected her limits yet rekindled the joy of movement. That night, I researched physical therapy, discovering evidence-based strategies like ___, tailored for patients with limited mobility. Inspired, I designed brochures with simple instructions and colorful graphics, then bulk printed them. I offered them to patients who mentioned pain when trying standard exercises, hoping the knowledge could help them reclaim independence. The overwhelming support from patients inspired me to organize community events, where I led elderly patients suffering from ___ through accessible exercises. I am proud to have reached __ patients. When patients spoke to me of___, I saw how scientific knowledge, paired with empathy, could uplift an entire community by giving them the tools to exercise agency over their lives.

Three a.m. used to be a time of broken promises and uncontrollable cravings. Now, I’m instead kept up by the desire to bring comfort, resources, and empowerment to those in need. As I walk this path, I hope to offer others the empathy I once needed, bringing my hard-earned understanding to those facing their own battles.

This draft is 615 words, which means that you have 35 words with which to work to complete it!

Though your essay is very strong already, you may wish to check our successful Common App example essays here! We kindly ask that you do not share this document with others. https://docs.google.com/document/d/1FfovGVOE3lrAB99vQBTqlAoQgtEvxFxFwbpsRML20Qc/edit?usp=sharing 

Given the points above, I’d rate this essay as a ~7.5-8/9 in its current stage. 
For more on rating, please see the rubric attached here: 

Sincerely, 
Belinda Tang","At three a.m., I found myself once again surrounded by the wreckage of my broken promises. The dim glow of my phone revealed a familiar scene of defeat: a sea of crumpled chip bags, grease-stained pizza boxes, and donut crumbs. I swore I wouldn’t binge again, yet each time, the urge would drown my determination like a wave swallowing a storm. My life unfolded like The Truman Show; I watched myself follow a path of scripted choices I couldn’t escape. Why did I keep repeating the same cycle? Was it comfort, or was I avoiding something worse? If I was serious about change, I knew I had to look inward, questioning the comfort I found in self-sabotage and confronting the truths I had avoided for so long.

The summer after my sophomore year, I immersed myself in studying human biology. YouTube videos on eating behaviors became nightly rituals, starting with Professor Andrew Huberman’s series on how dopamine pathways control reward-seeking behaviors. I kept rewinding the episode, taking notes as he explained intricate concepts foreign to me. Day after day, “just one more video” turned into late-night research dives, my cravings for junk food replaced with a hunger for knowledge. Eventually, the videos weren’t enough—I began poring over the precision of scientific literature.

Gaining new vocabulary like 'endorphins' and 'serotonin' helped me see my cravings differently—suddenly they became patterns I could understand, not impulses I had to obey. Each binge brought a numbing endorphin high, but as serotonin levels dipped, relief soon turned to anxiety. As my understanding of human health grew, I started to approach each urge with curiosity rather than judgement. When I felt the familiar pull toward the fridge late at night, I practiced deep breathing to calm my racing thoughts. I began journaling each time I overcame an urge to record these small victories. Slowly, these actions built a foundation of resilience, transforming my relationship with food and allowing me to regain control. Overcoming my own battle awakened a new hunger to use my experience to support others with their own limitations. This time, the urge pushing me forward was constructive and aligned with my values. My internship at the Houston Rheumatology Center took on new meaning as I realized my struggles had equipped me to offer genuine understanding and support to patients like never before.

One evening, an elderly patient approached me, gripping her walker tightly as she watched younger patients enjoying physical therapy together. “I just can’t keep up like I used to,” she sighed. I could see how the stiffness in her joints left her feeling trapped in her own body. My struggle with binging taught me that discomfort—physical or mental—could make small tasks feel impossible. I wanted to help her regain a sense of control by creating exercises that respected her limits yet rekindled the joy of movement. That night, I researched physical therapy, looking for evidence-based strategies tailored for patients with limited mobility. Inspired, I used Canva to design simple brochures with simple instructions and colorful graphics, then printed them in bulk. I offered them to patients who expressed interest or mentioned pain when trying standard exercises, hoping the knowledge within those pages could help them reclaim their independence. The overwhelming support from patients inspired me to organize community events, where I led elderly patients through these accessible exercises. Through their feedback, I saw how scientific knowledge, when paired with empathy, could uplift an entire community by giving them the tools to regain control over their lives.

Three a.m. used to be a time of broken promises and uncontrollable cravings. Now, I’m kept up by a different desire - one to bring comfort, resources, and empowerment to those who are in need. As I walk this path, I hope to offer others the empathy and support I once needed, bringing my hard-earned understanding to those facing their own battles.",6.02,8.0,9.0,9.0,8.0
2,F12E2837T1,CAPS,12ksiJh3V9QhCzFiC19KQIVobnhPY6SyNkvJuXoK9wes,7.0,"Requested Type of Feedback: Editor’s Choice (a mix of both)

Student Comments: Is this essay topic suitable to be a personal statement/college essay? Also note the following italicized phrases: paragraph 4, ""No justice! No peace!"", and ""yes, here. This is what I'm meant to do."" Paragraph 5: ""aragalaya"", and ""Go home, Gota!""

Share an essay on any topic of your choice. It can be one you've already written, one that responds to a different prompt, or one of your own design. (650 words max)

The year is 1983. My father’s family flees Sri Lanka at the peak of Black July. Their home was vandalized by Sinhalese mobs. In the north, his uncle rides home with mangoes tied to the spokes of his bicycle. He is stopped in the street by two men, who ask if he is Sinhalese or Tamil. He answers Tamil. They shoot him. A few miles away, my mother crouches under a bus seat as shells rain down outside the vehicle. She survives. Her parents put her on a train back to Colombo, praying she will escape the hotspot of political violence. 

2001. My father and mother, newly married, move into their first apartment in America. The shoebox-sized studio has barely enough space to move, but it is home. They eat cold bagels and cereal and toaster strudel. True American delicacies. 

2014. My first trip to Sri Lanka. I am seven years old. Moisture weighs down the air wherever we go. The floors look dirty to me, not like American floors. Bumps the size of small moons pepper my arms and legs, gifts from the mosquitoes. Selfishly, I rage at my parents for bringing me to this place. We go to the temple in the morning, drink tea, and hide from the afternoon heat in my grandmother’s foyer. We wait and wait and wait. Neighbors come and go through the open door. Palm trees share hushed whispers in the ocean’s breeze. The light flickers, on, off, on, off. I wonder what we are waiting for.

2020. I attend my first protest for Black Lives Matter. My sister and I proudly hoist our sign; a big, dark fist emblazoned on Amazon cardboard. Five minutes into the march it begins to rain. Behind my hood and mask, my unsmiling face is barely visible. I clear my throat and join in the chants. No justice! No peace! The only response is the rain beginning to fall harder, and cars honking as they go by. In support or in jest, I don’t know. Something inside tells me to yell louder, stand up taller. It says yes, here. This is what I’m meant to do.

2022. My last trip to Sri Lanka. I am fifteen years old. My grandparents’ driver waits in line for three nights to get petrol and cooking gas for the house. On the streets, others do the same. They wait and wait and wait, falling asleep in their rickshaws. Fuel is quickly running out. Protestors camp outside Parliament in masses. They call it aragalaya, struggle, and wave flags. Like the lion on them, they roar—Go home, Gota! The government passes a national curfew, then they begin using tear gas and water cannons. The protestors become more inflamed. They are sick of waiting. They unleash fire on the prime minister’s house and storm the presidential palace. They jump in Gota’s pool, sleep in his bed, and dance exuberantly to trumpets in the hallways. The president flees to the Maldives. Smoke spirals in the sky. I forget about the mosquitoes.

Sri Lanka has shown me waiting in many forms. Irritated by the stupor of my childhood visits, I looked down on the country from the comfort of my American standards. After my first protest, I didn’t know it’d mark the start, not the end, of my journey to speak out. What I did understand was that fighting for justice isn’t always loud or immediate. It’s built over time, and waiting is simply preparation for action. My family’s sacrifices in escaping persecution and the protests manifesting in Sri Lanka forty years later show true advocacy is perseverance. It’s a never-ending cycle, from injustice, to progress, and back again. These acts of defiance, however loud or quiet, are important.

Sri Lankans are patient. They can wait for a long time, but not forever. I, too, am ready to fight for the change I want to see.

Here’s a clean version of what your essay might look like after the edits:

The year is 1983. My father’s family flees Sri Lanka at the peak of Black July, their residence vandalized by Sinhalese mobs. In the north, his uncle rides home with mangoes tied to the spokes of his bicycle. He is stopped in the street by two men, who ask if he is Sinhalese or Tamil. Tamil, he answers. They shoot him. A few miles away, my mother crouches under a bus seat as shells rain down outside. She survives. Her parents put her on a train back to Colombo, praying she will escape the hotspot of political violence. 
2001. My father and mother, newly married, move into their first apartment in America. The shoebox-sized studio has barely enough space for the two of them, but it is home. They eat cold bagels and cereal and toaster strudel. True American delicacies. 
2014. My first trip to Sri Lanka. I am seven years old. Moisture weighs down the air wherever we go. The floors look dirty, not like American floors. Small raised moons pepper my arms and legs; gifts from the mosquitoes. Inwardly, I rage at my parents for bringing me to this place. We visit the temple in the morning, drink [type] tea, and wait out the afternoon heat in my grandmother’s foyer. We wait and wait and wait. Neighbors come and go through the open door. Palm trees share hushed whispers in the ocean’s breeze. The light flickers, on, off, on, off. I wonder what we are waiting for.
2020. My first protest for Black Lives Matter. My sister and I proudly hoist our sign: an oversized dark fist emblazoned on Amazon cardboard. Five minutes into the march, it begins to rain. My fascination with the theoretical aspects of change-making—like the Jemez Principles for Democratic Organizing—is finding real life application. I clear my throat and join in the chants. No justice! No peace! The only response is the rain falling harder, and cars honking as they drive by. In support or in jest, I don’t know. Something inside tells me to yell louder, stand up taller. It says, Yes, here. This is what I’m meant to do.
2022. My last trip to Sri Lanka. I am fifteen years old. My grandparents’ driver waits in line for three nights to get petrol and cooking gas for the house. On the streets, others do the same. They wait and wait and wait, falling asleep in their rickshaws as fuel runs out. Protestors camp outside Parliament in masses. They call it aragalaya—struggle—and wave flags printed with lions. They roar, Go home, Gota! The government passes a national curfew, then uses tear gas and water cannons. The protestors are sick of waiting. They unleash fire on the prime minister’s house and storm the presidential palace. They jump in Gota’s pool, sleep in his bed, and dance exuberantly to trumpets in the hallways. The president flees to the Maldives. Smoke spirals in the sky. [Trapped inside my grandparents’ foyer,] I forget about the mosquitoes.
Sri Lanka has shown me the value of waiting. Irritated by the stupor of my childhood visits, I initially viewed the country through the fogged lens of my comfortable American standards. After participating in my first protest, I understood that achieving justice isn’t always immediate. My family’s sacrifices in escaping persecution and the protests manifesting in Sri Lanka forty years later showed me that waiting is a form of perseverance. [2-3 sentences on how the virtue of waiting and your observation of this cycle have shaped your larger interests and future goals.]
Sri Lankans are patient. They can wait for a long time, but not forever. I, too, am ready to pursue the change I want to see in the world.

Word count (including all the fillers and excluding changes you’ll make) → 620 words → you have 30 words to work with!

Hi Nilani,

Thank you for sharing your new CAPS essay with me. I was so impressed by the sharp observations, vivid imagery, and polish of this essay. You did a skillful job balancing specific details with coolly observed scenes—there’s a beautiful confidence and lyricism in the writing. We flow smoothly between scenes and decades and places, in large part due to the natural and compelling narrative voice. You should be proud of this one! 👏
To your above note about suitability, this is absolutely a suitable topic. I do have some thoughts on how we can further dig into the strengths of this essay, especially as we examine the past to look to the future.

Connect Action to Thought 

This essay is already starting out in solid shape, especially with its attention to observational detail and lyrical storytelling. I’ve noted a few places inline where we might expand on a small detail, but I want to focus the bulk of our efforts on weaving in some of your intellectual curiosity and future plans. Let’s look at this paragraph:

2020. I attend my first protest for Black Lives Matter. My sister and I proudly hoist our sign; a big, dark fist emblazoned on Amazon cardboard. Five minutes into the march it begins to rain. Behind my hood and mask, my unsmiling face is barely visible. I clear my throat and join in the chants. No justice! No peace! The only response is the rain beginning to fall harder, and cars honking as they go by. In support or in jest, I don’t know. Something inside tells me to yell louder, stand up taller. It says yes, here. This is what I’m meant to do.

Once again, the images and observations here are stellar. There’s a great way in which you combine the environment of the building rain to the potential support or heckling of the drivers and your increased sense of purpose. There’s a natural opportunity here to also weave in some of your intellectual curiosity with this moment of your first protest. This might look like:

2020. My first protest for Black Lives Matter. My sister and I proudly hoist our sign: an oversized dark fist emblazoned on Amazon cardboard. Five minutes into the march, it begins to rain. My fascination with the theoretical aspects of change-making—like the Jemez Principles for Democratic Organizing—is finding real life application. I clear my throat and join in the chants. No justice! No peace! The only response is the rain falling harder, and cars honking as they drive by. In support or in jest, I don’t know. Something inside tells me to yell louder, stand up taller. It says, Yes, here. This is what I’m meant to do.
I’ve pulled in that line about the Jemez Principles from your previous essay, and you might want to mix that up with a different example. The idea is to naturally incorporate a little of your intellectual curiosity that operates behind this moment of action, especially so we can build our way to your conclusion. 

Which brings me to…

Center Your Future Actions in Your Conclusion

To really drive home the history of your family, Sri Lanka, and the importance and persistence of protesting, especially to address injustice, let’s lean into the future with your concluding paragraphs, and outline how all of these character-building elements shaped who you are and who you will become. Here’s our original second-to-last paragraph:
 
Sri Lanka has shown me waiting in many forms. Irritated by the stupor of my childhood visits, I looked down on the country from the comfort of my American standards. After my first protest, I didn’t know it’d mark the start, not the end, of my journey to speak out. What I did understand was that fighting for justice isn’t always loud or immediate. It’s built over time, and waiting is simply preparation for action. My family’s sacrifices in escaping persecution and the protests manifesting in Sri Lanka forty years later show true advocacy is perseverance. It’s a never-ending cycle, from injustice, to progress, and back again. These acts of defiance, however loud or quiet, are important.
We have a great recap of our major elements from the essay, but let’s trim some of the more general language in this section, and lean into the specifics of what these important events mean for your future. Adding in this forward focus might look like:

Sri Lanka has shown me the value of waiting. Irritated by the stupor of my childhood visits, I initially viewed the country through the fogged lens of my comfortable American standards. After participating in my first protest, I understood that achieving justice isn’t always immediate. My family’s sacrifices in escaping persecution and the protests manifesting in Sri Lanka forty years later showed me that waiting is a form of perseverance. [My plans to be a force in manifesting change won’t come quickly. I want to pursue a history major with an emphasis in post-colonial perspectives, and later attend law school, so I can more effectively aid civil and human rights initiatives.]
Once again, I’ve used illustrative examples in the brackets that you’ll of course want to replace with your own words and authentic experience. The most important thing is to outline some specifics on how these moments have shaped your future plans of study and/or initiative, especially so admissions readers can understand how you plan on funneling your persistence and pursuit of justice. This will also lead us beautifully to that last short paragraph about being ready to pursue change. I’ve made some space for expansion here, but it will have to stay relatively succinct to remain within our word count.

Given the points above, I’d rate this essay as a ~7/9 in its current stage. I am confident you will raise this score once you build out for forward focus in your final paragraphs, seed a little of your intellectual curiosity, and address the inline edits. This essay is starting out so strong, and it will only get stronger with the next revision. 

For more on rating, please see the rubric attached here: 
Please note that our scale is quite harsh! Kevin and Jeff's essays were around 6.5s (and Jeff's was featured in the NYTimes). Furthermore, many of our students have gotten into top Ivy League schools with just a 6! 

Really fantastic work, Nilani. I’m rooting for you!

Warmly,

Tanya","The year is 1983. My father’s family flees Sri Lanka at the peak of Black July. Their home was vandalized by Sinhalese mobs. In the north, his uncle rides home with mangoes tied to the spokes of his bicycle. He is stopped in the street by two men, who ask if he is Sinhalese or Tamil. He answers Tamil. They shoot him. A few miles away, my mother crouches under a bus seat as shells rain down outside the vehicle. She survives. Her parents put her on a train back to Colombo, praying she will escape the hotspot of political violence.

2001. My father and mother, newly married, move into their first apartment in America. The shoebox-sized studio has barely enough space to move, but it is home. They eat cold bagels and cereal and toaster strudel. True American delicacies.

2014. My first trip to Sri Lanka. I am seven years old. Moisture weighs down the air wherever we go. The floors look dirty to me, not like American floors. Bumps the size of small moons pepper my arms and legs, gifts from the mosquitoes. Selfishly, I rage at my parents for bringing me to this place. We go to the temple in the morning, drink tea, and hide from the afternoon heat in my grandmother’s foyer. We wait and wait and wait. Neighbors come and go through the open door. Palm trees share hushed whispers in the ocean’s breeze. The light flickers, on, off, on, off. I wonder what we are waiting for.

2020. I attend my first protest for Black Lives Matter. My sister and I proudly hoist our sign; a big, dark fist emblazoned on Amazon cardboard. Five minutes into the march it begins to rain. Behind my hood and mask, my unsmiling face is barely visible. I clear my throat and join in the chants. No justice! No peace! The only response is the rain beginning to fall harder, and cars honking as they go by. In support or in jest, I don’t know. Something inside tells me to yell louder, stand up taller. It says yes, here. This is what I’m meant to do.

2022. My last trip to Sri Lanka. I am fifteen years old. My grandparents’ driver waits in line for three nights to get petrol and cooking gas for the house. On the streets, others do the same. They wait and wait and wait, falling asleep in their rickshaws. Fuel is quickly running out. Protestors camp outside Parliament in masses. They call it aragalaya, struggle, and wave flags. Like the lion on them, they roar—Go home, Gota! The government passes a national curfew, then they begin using tear gas and water cannons. The protestors become more inflamed. They are sick of waiting. They unleash fire on the prime minister’s house and storm the presidential palace. They jump in Gota’s pool, sleep in his bed, and dance exuberantly to trumpets in the hallways. The president flees to the Maldives. Smoke spirals in the sky. I forget about the mosquitoes.

Sri Lanka has shown me waiting in many forms. Irritated by the stupor of my childhood visits, I looked down on the country from the comfort of my American standards. After my first protest, I didn’t know it’d mark the start, not the end, of my journey to speak out. What I did understand was that fighting for justice isn’t always loud or immediate. It’s built over time, and waiting is simply preparation for action. My family’s sacrifices in escaping persecution and the protests manifesting in Sri Lanka forty years later show true advocacy is perseverance. It’s a never-ending cycle, from injustice, to progress, and back again. These acts of defiance, however loud or quiet, are important.

Sri Lankans are patient. They can wait for a long time, but not forever. I, too, am ready to fight for the change I want to see.",2.46,8.5,8.5,9.0,8.0
3,F12E2826T1,CAPS,1vDgdZWPCMWvSgv11QDocKpB6d1ej2wK3vcQru5ndZnM,6.5,"Requested Type of Feedback: Editor’s Choice (a mix of both)

Student Comments: 

Share an essay on any topic of your choice. It can be one you've already written, one that responds to a different prompt, or one of your own design. (650 words max)

I was practicing “Waltz in A Minor” at the piano in the school's music room, trying to get the timing of my cascading scales right for the recital scheduled for the following week. “Attention Students!”  My fingers froze at our school director's sonorous voice on the PA system. Seconds became eternity before he announced, “I declare with pleasure the results of the student council election. The president-elect for 2023-2024 is Aisha Abraham…”.
Everything around me blurred, and waves of emotion—pride, self-doubt, excitement, and disbelief—washed over me. A quiet voice whispered, “Girl! You did it! But how”?
 
I was transported two years back when I transferred to a school renowned for its IB curriculum. Readying for my first day, I was assailed with thoughts of starting again, making friends, finding mentors, and proving myself anew. In the cafeteria, whispers and glances, both warm and cold, followed me. Cliques occupied tables, and I wondered where I would fit in. Over the next few days, the path of least resistance made me gravitate towards a student group that shared similar opinions, from pop culture to politics. We reinforced each other’s beliefs without challenging them, and I settled in, delighted at having found my comfort zone.
During a class debate on the government’s renewable energy programs one morning, I supported a complete shift to green energy. A classmate countered me, raising concerns about infrastructure costs and the threat of unemployment. Instead of listening and responding, I felt challenged and reacted. We both argued for the last word, refusing common ground.
 
Reflecting on this, I realized I’d built my own echo chamber with my small coterie, a space where my opinions were validated without room for growth. I decided to expand my horizons by seeking people with divergent experiences and perspectives.
 
Going to the movies with my different-abled friend, Rohan, made me realize how uncomfortable and inconvenient the place I enjoyed was for him due to its lack of inclusive infrastructure. Participating in a food distribution drive for underprivileged people outside a neighborhood temple had me wonder how malnutrition might impact worldviews. I tried to draw out Abeer, a reticent orchestra member, who shared that she felt stifled growing up in a conservative family, discovering poetry as her expressive outlet. The exchanges of personal stories and unhurried listening freed me from binary thinking and honed a more compassionate mindset.
Going beyond local experiences, I explored “Why are We Yelling” by Buster Benson on the art of productive disagreement, “When Inclusion Becomes Intrusion” by Indian author Devdutt Pattanaik, and the “Good Influence” Podcast series to challenge preconceived notions, which made me see value in viewing the world through multiple lenses and confronting cognitive dissonance.
 
I became aware of a dogmatic ""Us vs. Them” mindset on social media and at family and friend meet-ups. Similarly, polarized attitudes among students seemed to divide my school community and threaten school spirit. Our physical and digital identities were still developing, and I saw value in encouraging open dialogue to nurture compassion and tolerance. Could I be that changemaker who fosters a broader shift toward openness and understanding? School is a microcosm of the world, and to become a future changemaker, I had to start right here. 
I decided to run for school president. It was a risky proposition, as I was pitted against school veterans. My campaign focused on implementing a “school spirit week” to celebrate diversity, a buddy system between junior and senior students to mitigate bullying, and programs that promoted open dialogue in safe places within the school community. It lacked flashy appeal and the promise of more parties or sports events, but I believed in my cause.
Even if I made one person feel seen, heard, or included, I would've made a difference. Becoming the change I wanted to see taught me that being authentic is better than being “always right.”
Hi Aisha! 

Thanks so much for submitting your essay to us! I just wanted to start off by saying that showcasing your growth and personality through realizing being challenged in your viewpoints is critical is super engaging and thoughtful! I thought that the insight you had about how listening was critical and being authentic doesn’t mean ‘always right’ was well-stated throughout the essay. I also love how structured you are with all of the transitions and the clear delineation of the story — it made it super easy to read, and coupled with your clear and precise writing, I felt absorbed in your essay all the way through — that’s exactly what we want the admissions officers to feel! 

In terms of improvements, two things: 

Making the hook/introduction more engaging and immediately attention grabbing
I love your original hook/intro! I just think that we could do even more with the hook to make it engaging and attention grabbing. I want to boost the imagery a bit more! See my in-line edit above, and feel free to adopt it, with your own twist!  

Emphasizing the physical, emotional, or intellectual impacts of what you’ve done by varying sentence structure and reducing redundancy (in short, making your language ‘pop’ more!) 
See my in-line edits for specifics!

Less Generic Language: 

The other area that we can improve on removing all of the generic language you have to describe your growth/lessons learned. For instance, the following words are general/cliche, and I’ve replaced them with more specifics! 
“encouraging open dialogue to nurture compassion and tolerance”
“future changemaker”
“broader shift toward openness and understanding”
“people with divergent experiences and perspectives

Instead of saying those words, we say how you adapted, what desire was reinforced, and what your individuality can be described as! See my in-line comments for how I’ve fixed this! 

Overall though, super solid essay — your content and structure are fantastic, and I would focus more on the language/smaller details that really push your essay to the top. I’ve left in-line edits and comments towards that goal, so check it out! 

Here’s a clean copy: (641 words, so 9 words to add in the blanks - see comments!) 

“E - F - F♯ - G - A - A♯ - B...” I was practicing “Waltz in A Minor” at the piano in the school's music room, determined to perfect the timing of my cascading scales for the recital next week. . “Attention Students!”  My fingers froze at our school director's sonorous voice. Was it…? Seconds became eternity before he announced, “I declare with pleasure the results of the student council election. The president-elect for 2023-2024 is…Aisha Abraham…”.

Waves of emotion—pride, self-doubt, excitement, and disbelief—washed over me. A quiet voice whispered, “Girl! You did it! But how”?
 
I was transported back two years, when I transferred to a new school. As I readied myself that morning, I was assailed with circling thoughts: How will I start over? Will I find friends? Mentors? How do I prove myself all over again? In the cafeteria, whispers and glances, both warm and cold, followed me. Cliques occupied tables, and I wondered where I would fit in — the band geeks? The mathletes? The art girls, with their intimidating fashion? Over the next few days, the path of least resistance made me gravitate towards a friend group that shared similar opinions, from pop culture to politics. We reinforced each other’s beliefs. I settled in, delighted at being comfortable.
During a class debate on the government’s renewable energy programs one morning, I supported a complete shift to green energy. When a classmate raised concerns about infrastructure costs and job losses, I bristled. Instead of listening and responding, I felt challenged and reacted. We both argued for the last word, refusing common ground.
 
On reflection, I realized I’d built my own echo chamber with my small coterie, a space where my opinions were validated, but without room for growth. I needed to leave my stagnant pond, towards bigger and fresher waters. 

Going to the movies with my different-abled friend, Rohan, made me realize how uncomfortable and inconvenient the place I enjoyed was for him due to its lack of inclusive infrastructure, like wider aisles and handrails. I wondered how malnutrition might impact views on politics and religion while distributing food outside a neighborhood temple. I tried to draw out Abeer, a reticent orchestra member, who eventually shared that she felt stifled growing up in a conservative family, discovering poetry as her expressive outlet. Those experiences, while uncomfortable — to see my favorite space as unwelcoming, to see the food I took for granted as unavailable, to not have an inclusive family —  freed me. I didn’t speak, but listened. .
Beyond local experiences, I explored “Why are We Yelling” by Buster Benson on the art of productive disagreement, “When Inclusion Becomes Intrusion” by Indian author Devdutt Pattanaik, and the “Good Influence” Podcast series to challenge preconceived notions of _______ .
 
I began to recognize how omnipresent a dogmatic ""Us vs. Them” mindset was, on social media, family and friend meet-ups, and in my school community. Our physical and digital identities were still developing, and I saw value in helping others achieve that same mindshift as I had. Could I be that changemaker, who fosters listening, in addition to speaking our mind?To become a future changemaker, I had to start right here, in the microcosm of school. 
I decided to run for school president. It was risky, as I was pitted against school veterans with flashy promises of bigger parties and sport events. My campaign focused on implementing a “school spirit week” to celebrate diversity, a buddy system between junior and senior students to mitigate bullying, and programs that promoted open dialogue in safe places within the school community. It wasn’t classically appealing, but it was authentic.Even if I made one person feel seen, heard, or included, I would've made a difference. Becoming the change I wanted to see taught me that being authentic is better than being “always right.”

“Congratuations Aisha Abraham, our new class president!” 

Last but not least, to help with your writing journey, feel free to check our successful Common App example essays here! We kindly ask that you do not share this document with others. https://docs.google.com/document/d/1FfovGVOE3lrAB99vQBTqlAoQgtEvxFxFwbpsRML20Qc/edit?usp=sharing 

Given the points above, I’d rate this essay as a ~6.5/9 in its current stage, and with these revisions, I think we can take it to a 7.5! 
For more on rating, please see the rubric attached here: 
Please note that our scale is quite harsh! Kevin and Jeff's essays were around 6.5s (and Jeff's was featured in the NYTimes). Furthermore, many of our students have gotten into top Ivy League schools with just a 6! 

Sincerely, 

Karen","I was practicing “Waltz in A Minor” at the piano in the school's music room, trying to get the timing of my cascading scales right for the recital scheduled for the following week. “Attention Students!” My fingers froze at our school director's sonorous voice on the PA system. Seconds became eternity before he announced, “I declare with pleasure the results of the student council election. The president-elect for 2023-2024 is Aisha Abraham…”. Everything around me blurred, and waves of emotion—pride, self-doubt, excitement, and disbelief—washed over me. A quiet voice whispered, “Girl! You did it! But how?”

I was transported two years back when I transferred to a school renowned for its IB curriculum. Readying for my first day, I was assailed with thoughts of starting again, making friends, finding mentors, and proving myself anew. In the cafeteria, whispers and glances, both warm and cold, followed me. Cliques occupied tables, and I wondered where I would fit in. Over the next few days, the path of least resistance made me gravitate towards a student group that shared similar opinions, from pop culture to politics. We reinforced each other’s beliefs without challenging them, and I settled in, delighted at having found my comfort zone.

During a class debate on the government’s renewable energy programs one morning, I supported a complete shift to green energy. A classmate countered me, raising concerns about infrastructure costs and the threat of unemployment. Instead of listening and responding, I felt challenged and reacted. We both argued for the last word, refusing common ground.

Reflecting on this, I realized I’d built my own echo chamber with my small coterie, a space where my opinions were validated without room for growth. I decided to expand my horizons by seeking people with divergent experiences and perspectives.

Going to the movies with my different-abled friend, Rohan, made me realize how uncomfortable and inconvenient the place I enjoyed was for him due to its lack of inclusive infrastructure. Participating in a food distribution drive for underprivileged people outside a neighborhood temple had me wonder how malnutrition might impact worldviews. I tried to draw out Abeer, a reticent orchestra member, who shared that she felt stifled growing up in a conservative family, discovering poetry as her expressive outlet. The exchanges of personal stories and unhurried listening freed me from binary thinking and honed a more compassionate mindset.

Going beyond local experiences, I explored “Why are We Yelling” by Buster Benson on the art of productive disagreement, “When Inclusion Becomes Intrusion” by Indian author Devdutt Pattanaik, and the “Good Influence” Podcast series to challenge preconceived notions, which made me see value in viewing the world through multiple lenses and confronting cognitive dissonance.

I became aware of a dogmatic ""Us vs. Them” mindset on social media and at family and friend meet-ups. Similarly, polarized attitudes among students seemed to divide my school community and threaten school spirit. Our physical and digital identities were still developing, and I saw value in encouraging open dialogue to nurture compassion and tolerance. Could I be that changemaker who fosters a broader shift toward openness and understanding? School is a microcosm of the world, and to become a future changemaker, I had to start right here.

I decided to run for school president. It was a risky proposition, as I was pitted against school veterans. My campaign focused on implementing a “school spirit week” to celebrate diversity, a buddy system between junior and senior students to mitigate bullying, and programs that promoted open dialogue in safe places within the school community. It lacked flashy appeal and the promise of more parties or sports events, but I believed in my cause.

Even if I made one person feel seen, heard, or included, I would've made a difference. Becoming the change I wanted to see taught me that being authentic is better than being “always right.”",7.73,7.5,9.0,8.5,7.5
4,F12E2818T1,CAPS,1rqe4sPd9Tv8R2o2sCjfkInMexfZTcPDdC9jrW87ZOfI,6.0,"Requested Type of Feedback: Editor’s Choice (a mix of both)

Student Comments: Hey I am looking for my essay to really stand out as I want my essay to be memorable in admission committee's eyes so really want a strong hook and ending and my values clearly demonstrated making me an ideal fit for ivy's or HYPSM. Also I am in Hawaii, it's around 12 AM here, so really hoping I can get this by end of Friday rather than Jan 6th morning as that is way after my deadlines.

Share an essay on any topic of your choice. It can be one you've already written, one that responds to a different prompt, or one of your own design. (650 words max)

I thought mastering yoga would make me a superhero; it turns out I was right.
As I take a step onto the mat, a sense of calm prevails as all the worries in the world slowly dissipate. The familiar feel of the spongy cushion and the stimulating aroma of the rubber scent ground me.
As I begin my routine with the Urdhva Hastasana-the upward salute pose-I feel every part of my body come alive and work together in harmony. My arms stretch with agility, complementing the flexibility of my spine. Having moved between three countries during high school, my identity often felt lost and I was unsure of my roots. Yoga has provided the grounding I needed, being a constant in my life that never made me forget who I was.
 
From the very first time I caught sight of my mom doing yoga as a five-year-old, I was obsessed with mimicking her every movement with my chubby hands and little stout feet. Despite falling  over and over as I attempted the child pose, I was resilient in my approach. I just wanted to do it as eloquently as my mom did. Just as I learned to hold the pose, eventually, I learned to hold my ground during challenges. My diagnosis of Scoliosis my freshman year didn’t prevent me from undertaking 4 varsity sports, nor did my family’s immigration issues deter me from building an inspiring science community, AspireSTEM, in every place I called home. 
The beauty of every pose, complexity of every stretch and dynamics of the breathing technique always filled my head with endless thoughts. “Ma, what is the science behind the breathing technique?” “Ma, how does the pose get its name?” Each question led me to a new path. That childhood fascination stayed through all of my adolescence, slowly blossoming my curiosity into an insatiable desire to learn, not just about yoga but the world around me. From Aristotle's philosophies to mendelian genetics, I spared nothing that I got my hands on.
Just as I learned to hold the pose, eventually, I learned to hold my ground during challenges. 
Yoga fueled my unparalleled desire to try new poses as I mastered the basics. Eagle pose, frog pose, cow pose-you name it. I still remember vividly the day I finally mastered the child pose, or I felt like I did, swelling with pride as if I had conquered the world. That feeling mirrored the pride I felt growing my first micro-green at age ten or when I rooted for Mohawk, Africa’s oldest lion, to survive another day in the documentaries I obsessively watched.
My diagnosis of Scoliosis during my freshman year didn’t prevent me from undertaking 4 varsity sports, nor did my family’s immigration issues deter me from building an inspiring science community, AspireSTEM, in every place I called home. 

Ending my yoga session with Savasana, joy and sadness bubble within me. I am devastated that the ritual has to come to a closing but grateful that I will be able to do it all over again tomorrow. Importantly, I gain mental clarity on my journey in yoga, and life. Yoga has given rise to an unbreakable bond with my mom who inspires me every day and I am confident I will find fellow yoga enthusiasts to connect and forge bonds with, sharing stories, laughter, sweat and even tears.

 
The balance I find on the mat reflects my pursuit of balance in other aspects of my life, from dance rehearsals and basketball practices to computational biology research. As I take a step closer to adulthood, I carry with me lessons yoga has taught me. 
I will always be the googly-eyed toddler who can’t wait to do yoga and the mat will always remain my superhero training ground to connect with myself when life gets challenging.
As I step off the mat, my session doesn’t end here; rather I see a cape ready to put be on for my next adventure, finding passions both on and off the mat. I will pursue each experience with  purpose and enthusiasm, honoring the beauty of the journey itself. With each deep breath, I remind myself life, like yoga, is not perfect but infused with lifelong memories.
Hi Swarit! 

You’ve got a great essay on your hands with really strong bones. I particularly liked your hook, which grabbed my attention as soon as I read the first line. 

Some general housekeeping things: anything that’s underlined is something I recommend you delete (I suggest doing a first pass where you delete all of these passages and see what you think). Nothing I’ve suggested cutting was bad or stuck out, I just picked what I thought was less essential to the narrative. However, I did notice your essay suffered from some common mistakes. Let’s dive in!

Too Much Background, Not Enough Action

While details related to your background are helpful to understanding the context of your application, admission officers are far more interested in your personal growth and impact on others. Luckily, this problem is not very hard to solve; all you have to do is elaborate more on the sections where you describe the challenges you faced and school, and how you overcame them. You can elaborate more on your struggles with scoliosis, for example, or your family’s immigration issues!

The trick here is to spend less time introducing your identity/life experiences (should take up no more than 20% of your essay) and more on breaking them down + discussing their significance to your growth (e.g., how did being practicing yoga affect your worldview? Did it ground you in your culture? Is yoga a meditative practice, a sport, or a religious practice to you – or all three? Have you ever been part of a yoga community outside you and your mom, or taught someone else how to do yoga? If so, how did it go and what did you learn?). Obviously you’re very short on time since the deadline’s around the corner, so please don’t panic if you can’t answer these questions! I just want you to keep these in mind as you go back to the sections where I’ve asked for more details and as you expand on your experiences.

If you find yourself going over word count, my advice is that the place to look for cuts is the first 2-3 and the last 3 paragraphs of your essay, where a lot of the foreground and reflection/conclusion is happening. 
Needing More Intellectual Curiosity
While this story is definitely personal, I do think it would benefit from some more intellectual vitality or curiosity. At the end of the day, college is an academic institution and many universities will want to know how you can keep up in a lecture hall or seminar room – perhaps you could consider adding in some details related to your exploration of the science of yoga and breathing techniques. Even better if you can connect your common app essay to your main area of study; for example, it seems your intended major was biology, so that would be amazing! Note that you don’t have to do this in all your essays, but for this particularly piece, I think it would be a good idea. 

 I just spent a quick 5 mins googling to get some ideas. I learned that the word ""yoga"" comes from Sanskrit and means ""union"" – we don’t necessarily have to shoehorn that in here if it doesn’t feel like a natural spot, but that’s one example of how integrating facts about yoga can help you strengthen the main motif of this essay. I also learned that yoga classes were originally only for men, and women were not invited until 1937. If that inspired you to talk more about the gendered aspects of yoga and how society/culture/traditions change over time, then that’s perfect!

Since you specifically asked about school values, I wanted to share our secret table of school values, which helps guide me as I edit students’ essays. If you have a few more days until your applications, I’d go back to my supps if I were you and just check that these values are reflected in your application!

School Values


Last but not least, to help with your writing journey, feel free to check our successful Common App example essays here! We kindly ask that you do not share this document with others. https://docs.google.com/document/d/1FfovGVOE3lrAB99vQBTqlAoQgtEvxFxFwbpsRML20Qc/edit?usp=sharing 

Given the points above, I’d rate this essay as a ~6/9 in its current stage. That’s a problem that can easily be fixed by cutting down on background noise and centering details of your challenges & the specifics of how you overcame them early on! Good luck!
For more on rating, please see the rubric attached here: 
Please note that our scale is quite harsh! Kevin and Jeff's essays were around 6.5s (and Jeff's was featured in the NYTimes). Furthermore, many of our students have gotten into top Ivy League schools with just a 6! 

Sincerely, 

Reilly","I thought mastering yoga would make me a superhero; it turns out I was right. As I take a step onto the mat, a sense of calm prevails as all the worries in the world slowly dissipate. The familiar feel of the spongy cushion and the stimulating aroma of the rubber scent ground me. As I begin my routine with the Urdhva Hastasana—the upward salute pose—I feel every part of my body come alive and work together in harmony. My arms stretch with agility, complementing the flexibility of my spine. Having moved between three countries during high school, my identity often felt lost and I was unsure of my roots. Yoga has provided the grounding I needed, being a constant in my life that never made me forget who I was.

From the very first time I caught sight of my mom doing yoga as a five-year-old, I was obsessed with mimicking her every movement with my chubby hands and little stout feet. Despite falling over and over as I attempted the child pose, I was resilient in my approach. I just wanted to do it as eloquently as my mom did. Just as I learned to hold the pose, eventually, I learned to hold my ground during challenges. My diagnosis of Scoliosis my freshman year didn’t prevent me from undertaking 4 varsity sports, nor did my family’s immigration issues deter me from building an inspiring science community, AspireSTEM, in every place I called home.

The beauty of every pose, complexity of every stretch, and dynamics of the breathing technique always filled my head with endless thoughts. “Ma, what is the science behind the breathing technique?” “Ma, how does the pose get its name?” Each question led me to a new path. That childhood fascination stayed through all of my adolescence, slowly blossoming my curiosity into an insatiable desire to learn, not just about yoga but the world around me. From Aristotle's philosophies to Mendelian genetics, I spared nothing that I got my hands on.

Yoga fueled my unparalleled desire to try new poses as I mastered the basics. Eagle pose, frog pose, cow pose—you name it. I still remember vividly the day I finally mastered the child pose, or I felt like I did, swelling with pride as if I had conquered the world. That feeling mirrored the pride I felt growing my first micro-green at age ten or when I rooted for Mohawk, Africa’s oldest lion, to survive another day in the documentaries I obsessively watched. 

Ending my yoga session with Savasana, joy and sadness bubble within me. I am devastated that the ritual has to come to a closing but grateful that I will be able to do it all over again tomorrow. Importantly, I gain mental clarity on my journey in yoga, and life. Yoga has given rise to an unbreakable bond with my mom who inspires me every day, and I am confident I will find fellow yoga enthusiasts to connect and forge bonds with, sharing stories, laughter, sweat, and even tears.

The balance I find on the mat reflects my pursuit of balance in other aspects of my life, from dance rehearsals and basketball practices to computational biology research. As I take a step closer to adulthood, I carry with me lessons yoga has taught me. I will always be the googly-eyed toddler who can’t wait to do yoga, and the mat will always remain my superhero training ground to connect with myself when life gets challenging. As I step off the mat, my session doesn’t end here; rather I see a cape ready to be put on for my next adventure, finding passions both on and off the mat. I will pursue each experience with purpose and enthusiasm, honoring the beauty of the journey itself. With each deep breath, I remind myself life, like yoga, is not perfect but infused with lifelong memories.",4.05,8.5,8.5,9.0,7.5
5,F20E384T1,CAPS,1DrI_IMM1veurRVNxagaD934o81ZDxmJszizZ_bAxDdQ,5.5,"Alice has previously uploaded this essay to our portal 2 time(s). For a link to their previous draft (Draft #2), which was rated a 6.5, see here: https://docs.google.com/document/d/1FEaEPjoB8x9R_2PQu7ZTJJlatoGqP6d374iiNHFOWgo/edit?usp=drivesdk

Requested Type of Feedback: Editor’s Choice (a mix of both)

Student Comments: Sorry for sending my prev. essays on a GDoc! 
Aimed for complexity in this essay. Pls lmk if any parts get confusing. Word choice edits would be very appreciated! Also, pls lmk if you have any ideas regarding how to strengthen my conclusion. I want to end w/ a good impression. :)

Share an essay on any topic of your choice. It can be one you've already written, one that responds to a different prompt, or one of your own design. (650 words max)

“The Perfect Sourdough Recipe” yielded mountains of discarded sourdough starter, failed loaves, and a battlezone-like kitchen. Quite imperfect. 
My mouth puckered as I took a bite of the flat lump-shaped loaf. Where did I go wrong? Did I not follow the recipe correctly?
The stirring confusion and spiraling lack of control transformed me back into the 7-year-old Alice who tried to connect the dots of the English language. If “G” has the “ga-” sound and “J” has the “ja-” sound, why wouldn’t “change” be pronounced “chan-ga” or spelled “chanje.” Did I do something wrong?
Academics accelerated past the constant velocity at which I read when I transferred to a new school with new faces and a new curriculum in the first grade. Daily readings, spelling quizzes, and worksheets on foreign math concepts scattered around my kitchen table—like a battlezone. Following ""the perfect academic recipe"" of my previously underfunded school, where I had not even learned first-grade-level vocabulary, I expected the comfort of an underbaked curriculum that even a kindergartener understood.[Can you offer some insight into how you overcame this? What is the end point of this story? See below for my discussion of making this into more of a problem-solution paragraph]
I sought out comfort in following “objective” standards in everything—especially in the perfection of mixed flour, salt, and water according to “The Perfect Sourdough Recipe,” from which I also expected a delicious loaf. 
However, following the recipe exactly—flour measured by the gram, 11 minute dough kneading time, and five hour dough rising time—I witnessed seven failed attempts, still empty of the perfect loaf. Ms. Tosio’s description of why we deviate from typical English pronunciation for words like “change” came to mind: tailored rules. I started to question: Why does the recipe instruct me to use 400 grams of water? Why not 415 grams? Could the recipe be wrong?
Adding 15 more grams of water, my loaf transformed from dense and gummy to soft and luscious. Experimenting with shortened dough rise times, my loaf finally achieved the perfect harmony of mild tanginess and sweetness as opposed to overpowering sourness. Every two weeks, I scrutinized these variables and realized the tailored rules of sourdough.
Chewing on the perfect slice, I smiled after eight months of deviating from the “perfect recipe.” From the crispy, golden crust to honeycombed pockets, I knew that I had finally perfected my Zhou-erdough recipe—the most comforting snack that was birthed out of change. 
I started discovering tailored rules in how I followed “the perfect recipes” to winning lacrosse games, helping students understand mathematical and literary concepts that I once struggled with, and especially working at i-Tea.
	My role as a barista transformed after repeatedly hearing “how do you make this drink?,” seeing rows of incorrect drinks with an hour-long queue, and working in a battlezone-like store. I began to reimagine the training program—a supposedly “perfect recipe”—as I sought to uncover and adapt its tailored rules.
	Asking questions like “What drinks are hardest to make?” and “What resources would help?” to new trainees pinned a starting point—like identifying what variables of the sourdough recipe to be changed. The “300mL water (1-1.5), T1 (5g), T234 (15g), BT/GT sugar (check color)” directions to make a cup of tea were difficult to comprehend, which I transformed into a mnemonic device: “We Bring Power So Customers Ingest Sweets,” representing the process of “Water, Brew, Pour, Sugar, Creamer, Ice, Shake.” Like adjusting the water proportions for my sourdough recipe, I constructed a study guide for our barista-training process, bringing increased drink-making accuracy, faster service speed, as well as smiles to my colleagues’ faces.
	I would not have found the comfort of indulging in my perfect Zhou-erdough bread or productively working against rush hour as part of a well-trained team if I had stayed indifferent to the mouth-puckering taste of bad bread and disorganized combat as a barista. Thus, my answer to why imperfect results come from “perfect recipes” will forever be tailored rules—so long as “change” is pronounced as “chanje” yet spelled the way it is.
Hi Alice, 

Thanks for sending this one along! This is a big change (chanje?) from your previous essays, so it’s important to view my notes as feedback on a first draft, not a third. The additions you’ve made here (learning English and revamping your workplace) offer new insight into who you are as a person, and that’s exactly what we want from this essay!

That said, I know you said you aimed for complexity, and that frankly has me a little worried about your essay. While these essays should be idiosyncratic and personal, you still want to remember that the reader spends about five minutes on your entire application. The more complex your essay is, the less likely they are to respond to it positively. To that end, my biggest note is to simplify everything! Let’s get into how that could work:

Structure
Since abandoning your focus solely on sourdough, you’ve added some nice anecdotes to showcase facing adversity (learning English) and demonstrating ingenuity (revamping the coffee shop training). Given this, your best course of action is to use the sourdough making only as a framing device for the essay, and really focusing on making the other two stories stand alone. Right now, there are some vestigial elements of the sourdough making interspersed throughout the other stories (most of which I have suggested cutting). If you remove those, then you can have a little more room to build the other stories out some more.

This is how I would suggest you structure your essay:

Introduction: Chasing the perfect sourdough (~100 words)

Flashback to learning English/changing schools (150-200 words)
For this section, try to refine your focus. Are you talking about being challenged at the new school or learning English? Right now, this story becomes pretty general when you transition to the new school, so I would like to see you keep with the thread of learning English. This would also help you introduce Ms. Tosio in context. 

Furthermore, it would be helpful to see some end point of this story. How did you win? How did you conquer the language? What was your turning point that not only helped you with English, but can help you with sourdough and life in general (maybe this is also Ms. Tosio). 

Try to view this as a problem-solution paragraph in which you spend 20% of your writing addressing the problem, 60% on the solution, and 20% on the resolution of the issue/takeaways. I think you structure the barista section pretty well in this regard, so use that as your model here. 

Transition to take the lessons of tailored rules from English to sourdough (~50 words)

Applying tailored rules at the coffee shop (150-200 words)
This is a strong section right now once you remove the mentions of the sourdough. You show great initiative! 

Conclusion (~150 words)
As I mention in my line notes, the conclusion is missing a forward-looking statement. Try to extrapolate how tailored rules will change the way you approach life moving forward. 

VSPICE
As I mentioned, the idea of “complexity” gives me pause, so as you edit this essay, try to adjust your aims from complexity to the VSPICE principles, specifically ICE:

ICE = Initiative, Curiosity and Creative Expression 
The idea for ICE is to focus on how you nerd out over your passions (whether that’s sourdough, learning, or reevaluating your workplace), then explain how you use this knowledge to empower others and make your community a better place! You do this in the barista section, and I think you can try to show a little more curiosity in your exploration of English. Right now, it feels like an overwhelming burden to you, but if you could twist that into becoming an outlet for curiosity or even creative expression, it would help make the section pop a little more.  

Finally, I believe I’ve included these before, but for your reference, feel free to check our successful Common App example essays here! We kindly ask that you do not share this document with others. Take a look at both the problem-solution essays and the three scene essays, as I think you’re employing aspects of both in this draft. https://docs.google.com/document/d/1FfovGVOE3lrAB99vQBTqlAoQgtEvxFxFwbpsRML20Qc/edit?usp=sharing

Given the points above, I’d rate this essay as a 5.5/9 in its current stage. 
For more on rating, please see the rubric attached here: 
Please note that our scale is quite harsh! Kevin and Jeff's essays were around 6.5s (and Jeff's was featured in the NYTimes). Furthermore, many of our students have gotten into top Ivy League schools with just a 6! 

I know on its face this score seems like a step back, but you really do need to consider this a new essay from the previous ones you’ve submitted. While I think there is a lot of work to do, you’ve included fantastic new elements in this essay, and I think you’re wise to revamp the essay in this way. Keep writing! You’re going to get there soon!

All the best, 
Patrick","“The Perfect Sourdough Recipe” yielded mountains of discarded sourdough starter, failed loaves, and a battlezone-like kitchen. Quite imperfect. My mouth puckered as I took a bite of the flat lump-shaped loaf. Where did I go wrong? Did I not follow the recipe correctly?

The stirring confusion and spiraling lack of control transformed me back into the 7-year-old Alice who tried to connect the dots of the English language. If “G” has the “ga-” sound and “J” has the “ja-” sound, why wouldn’t “change” be pronounced “chan-ga” or spelled “chanje.” Did I do something wrong?

Academics accelerated past the constant velocity at which I read when I transferred to a new school with new faces and a new curriculum in the first grade. Daily readings, spelling quizzes, and worksheets on foreign math concepts scattered around my kitchen table—like a battlezone. Following ""the perfect academic recipe"" of my previously underfunded school, where I had not even learned first-grade-level vocabulary, I expected the comfort of an underbaked curriculum that even a kindergartener understood.

I sought out comfort in following “objective” standards in everything—especially in the perfection of mixed flour, salt, and water according to “The Perfect Sourdough Recipe,” from which I also expected a delicious loaf. However, following the recipe exactly—flour measured by the gram, 11 minute dough kneading time, and five hour dough rising time—I witnessed seven failed attempts, still empty of the perfect loaf. Ms. Tosio’s description of why we deviate from typical English pronunciation for words like “change” came to mind: tailored rules. I started to question: Why does the recipe instruct me to use 400 grams of water? Why not 415 grams? Could the recipe be wrong?

Adding 15 more grams of water, my loaf transformed from dense and gummy to soft and luscious. Experimenting with shortened dough rise times, my loaf finally achieved the perfect harmony of mild tanginess and sweetness as opposed to overpowering sourness. Every two weeks, I scrutinized these variables and realized the tailored rules of sourdough.

Chewing on the perfect slice, I smiled after eight months of deviating from the “perfect recipe.” From the crispy, golden crust to honeycombed pockets, I knew that I had finally perfected my Zhou-erdough recipe—the most comforting snack that was birthed out of change.

I started discovering tailored rules in how I followed “the perfect recipes” to winning lacrosse games, helping students understand mathematical and literary concepts that I once struggled with, and especially working at i-Tea. 

My role as a barista transformed after repeatedly hearing “how do you make this drink?,” seeing rows of incorrect drinks with an hour-long queue, and working in a battlezone-like store. I began to reimagine the training program—a supposedly “perfect recipe”—as I sought to uncover and adapt its tailored rules.

Asking questions like “What drinks are hardest to make?” and “What resources would help?” to new trainees pinned a starting point—like identifying what variables of the sourdough recipe to be changed. The “300mL water (1-1.5), T1 (5g), T234 (15g), BT/GT sugar (check color)” directions to make a cup of tea were difficult to comprehend, which I transformed into a mnemonic device: “We Bring Power So Customers Ingest Sweets,” representing the process of “Water, Brew, Pour, Sugar, Creamer, Ice, Shake.” Like adjusting the water proportions for my sourdough recipe, I constructed a study guide for our barista-training process, bringing increased drink-making accuracy, faster service speed, as well as smiles to my colleagues’ faces.

I would not have found the comfort of indulging in my perfect Zhou-erdough bread or productively working against rush hour as part of a well-trained team if I had stayed indifferent to the mouth-puckering taste of bad bread and disorganized combat as a barista. Thus, my answer to why imperfect results come from “perfect recipes” will forever be tailored rules—so long as “change” is pronounced as “chanje” yet spelled the way it is.",6.54,8.0,8.0,9.0,7.5
6,F12E2811T1,CAPS,1ciCl-ogrMb0Kqe1yBJ-NS1i6TYjt22pyNn-g3RMjAl4,7.0,"Requested Type of Feedback: Editor’s Choice (a mix of both)

Student Comments: The essay was meant to show a couple of things: 
- My identity being tied to masculinity despite being a girl and disliking the expectations and standards imposed on me and other girls/women. But also getting carried away with my skeptcism and suspicion of other peoples intentions of wanting to ""feminise"" me and deny me the right to do certain things to the point of making shallow assumptions of others, leading me to devalue other peoples inputs/advice/words/perspectives

Hi Nadine!

Sam, your editor here! This is a great piece of writing — would strongly recommend reading my endnote (at the end of the essay) first, it helps contextualize a lot of my edits.

Great work!
Sam

Share an essay on any topic of your choice. It can be one you've already written, one that responds to a different prompt, or one of your own design. (650 words max)

“I’m more of a son than my brothers are anyway,” chimed the voice in my head. I fumbled with a red strip of fabric pilfered from Ayah’s closet dangling around my neck like a self-bestowed medallion. The phone on the desk played a video: How to Tie a Tie (EASY). 

I pinched the wide end of the tie and crossed it over the narrow one, forming an X. This––the voice declared––was justice!

A batik-patterned shawl sulked at the desk’s edge, protesting at being forsaken. I ignored it, of course. Why must I, a grown 13 year old, listen to a deceptively beautiful leash? 

“Wear this to the wedding,” Ibu* said earlier, shoving the shawl into my hands alongside an overly-embellished dress that made an impossible feat of walking without tripping. I stopped myself from asking her “why?”––a word she surely is sick of hearing by now since I abused it at every opportunity: why are speed bumps called “sleeping officers”? Were police killed as ritual sacrifice and buried there? Why are many bowls decorated with roosters? To affirm the superiority of the Rooster zodiac? Why can’t I wear what my brothers wore––loose, minimal, while free of scrutiny? Some questions she answered briskly, others vaguely, oftentimes with the dreaded “that’s just how it is.”

Being the only daughter meant noticing double standards early, how I wasn’t allowed to do certain things my brothers could, and neither could Ibu, who compliantly stopped leading prayers to let my brothers, much younger and less experienced, lead, who dismissed feminism as a “western-import,” who often answered my questions with “that’s just how it is,” who did not question at all. 

I looped the wide end under the narrow one. Despite being a daughter, I knew I could become the ideal son. When Ibu complained that none of her sons were doing their jobs by watching soccer with Ayah, I stepped in, sitting with other men on benches to shout “GOAAAL!” to all the wrong times.

I pulled the tie through the loop and tugged down. Engaging and competing in martial arts became proof of my value. In Taekwondo practice, when a boy hits hard, I’d try hitting harder. 

I slipped the wide end underneath, through the opening. At school, I insisted on wearing trousers over skirts, negotiating with teachers to tweak the uniform policy to accord all students greater freedom to choose. 

Knot cinched, the tie was a rather meaningless defiance. But it was something others would not allow and that made it worthwhile. 

-

In the car, I sat next to Ibu. She glanced at me. “Why are you wearing that?! It looks ridiculous. I gave you the shawl.” 

I couldn’t hold in the W-word anymore. “Why do I have to wear that?”

“Dress code.”

“So, I have to wear it while they–,” I pointed to my brothers, ”–don’t?”

“What? No! Everyone’s using it. Look, Armand’s already wearing his.”

I twisted from my seat to look at my brother. To my horror, there he was. Sitting. Shawl over his shoulders. 

Guilt settled as realisation dawned: I had fancied myself superior for being a skeptic and based my self-worth on my ability to be the “better son,” to surpass others’ expectations, real or perceived. In my insecurity, I became quick to make assumptions and shut my ears, creating a falsified image of others, of my own mother. As a successful woman and engineer, she had battled expectations herself and won––victories I foolishly dismissed. I questioned everything, yet I failed to question myself and my facile judgments. 

Beyond learning how to ask for clarifications, I began to appreciate the nuance in others’ beliefs and experiences: I’ve come to value debates with family and friends, seeked their life stories, and go opinion-hunting––even if we’ve disagreed.

Nearing the venue, I pulled out the shawl and confessed to Ibu: “I’m not sure how to wear this.”

“Here. I’ll help.”

*Ibu = Mother
*Ayah = Father
Hi Nadine,

Thanks so much for sharing this essay with us. Seriously, it was such a pleasure to read. As I edited, I found myself deeply admiring the feminist underpinnings of your protest and equally impressed by the personal growth and reflection you found along the way. I also have something of a firebrand streak when it comes to protesting that which I don’t like, and it’s really cool to get to hear about your journey with fighting for what you care about while incorporating solid elements of your development.

Here’s the deal. You probably have a bunch of deadlines coming up, so I’m going to try to make this feedback as straightforward and actionable as I possibly can. 

Here’s the other deal: Your essay is, as presently constituted, pretty strong. There are no massive glaring errors nor any awful faux pas. As I was going through and editing the body of it, I was mostly working on prose and flow — just making sure your story comes across clearly.

However, it is missing one pretty big thing, and that’s a reflective conclusion. Basically, this essay has two flows: you literally attending an event and your personal growth vis-a-vis feminism, other peoples’ perspectives, etc. We get a conclusion to that first part with your mom putting the shawl on you, but we don’t ever really get any sort of reflection on your personal growth. It’s pretty hasty and worked in through a few short sentences toward the end.

I recommend the following:
Accept all (or many) of my edits, and drop your essay down down to ~500-550 words.
Using the extra 100-150 words you just bought, build out a slightly larger reflective conclusion

For your reference and utilization, I’ve provided the following below:
What your essay would look like if you accepted all of my edits
A suggested conclusion for you to tack on at the end of your essay
Please please please please please please for the love of all things do NOT just copy and paste this in verbatim, please please please please read it and try to meld it to place it in your voice

Okay, let’s roll.

If you accepted all of my edits, your essay would look like this (533 words):



“I’m more of a son than my brothers are anyway,” declared the voice in my head. My fingers fumbled with a red strip of fabric pilfered from Ayah’s (“father”) closet, draping it around my neck like a self-bestowed medal. The phone on the desk played a video titled How to Tie a Tie (EASY), though nothing about it felt easy. 

I pinched the wide end of the tie and crossed it over the narrow one to form an X. This — the voice insisted — was justice.

A batik-patterned shawl sulked at the desk’s edge, protesting at being forsaken. Why must I, a grown 13 year old, bow to a leash disguised as tradition?? 

***

“Wear this to the wedding,” Ibu (“mother”) said earlier, handing me the shawl along with a glittering dress designed to make walking a challenge. I stopped myself from asking why — a question she surely heard too often. Why can’t I wear what my brothers wear — loose, minimal, and free of scrutiny? Some questions she answered briefly, others vaguely, and some with the dreaded “That’s just how it is.”

In [PLACE], being the only daughter meant learning early that my freedoms were rationed differently. I wasn’t allowed to do certain things my brothers could, and neither was Ibu, who compliantly stopped leading prayers to let my younger brothers take over, dismissed feminism as a “Western-import,” and waved away my endless questions with a familiar refrain.But if she could tolerate it, I wouldn’t.

***

I looped the wide end under the narrow one. Despite being a daughter, I knew I could become the ideal son. When Ibu complained that none of her sons watched soccer with Ayah, I stepped in, shouting “GOAAAL!” with the men at all the wrong times. At Taekwondo practice, when a boy hit hard, I hit harder. At school, I negotiated for the right to wear trousers instead of skirts, lobbying teachers to amend the uniform policy.. 

I slipped the tie’s wide end through the loop, pulling it snug. It was a hollow rebellion, but one others would not allow — and that made it feel worthwhile. 

***

In the car, I sat next to Ibu, adjusting my tie as she glanced at me. “Why are you wearing that? It looks ridiculous. I gave you the shawl.” 

I couldn’t hold in the W-word anymore. “Why do I have to wear that?”

“Dress code.”

“So, I have to wear it while they—,” I pointed to my brothers, “—don’t?”

“What? No! Everyone’s using it. Look, Armand’s already wearing his.”

I twisted in my seat and saw him, serene as ever, the shawl draped over his shoulders. 

Guilt settled as realisation dawned: I’d built my rebellion on assumptions, priding myself on being the “better son” while shutting out perspectives that didn’t fit my narrative. In my insecurity, I became quick to make assumptions and shut my ears, creating a shallow image of others. As an engineer, my mother had battled expectations herself and won — proving herself and succeeding in ways I hadn’t considered. For all my questions, I failed to interrogate my facile judgments. 

***
At the venue, I reached for the shawl. “I’m not sure how to wear this,” I admitted.
“Here. I’ll help.”



Now, if you accept my edits, your essay would jump down to 533 words. That gives us 117 words to play with for the conclusion, so maybe we could do something like this (114 words):

That moment marked a shift. I began to see nuance in others’ beliefs, even when we clashed. I started asking different kinds of questions—not just “why,” but “what do you think?” and “how did you feel?” I sought debates with family and embraced perspectives that challenged my own.
As we pulled up to the venue, I glanced in the mirror. The shawl didn’t feel like a leash anymore. It was just fabric—no more, no less. What mattered was how I wore it.
Now I care far more about being a better person than a better son. Growth isn’t about rejecting the past; it’s about weaving it into the future—tie and shawl, thread by thread.



Last but not least, to help with your writing journey, feel free to check our successful Common App example essays here! We kindly ask that you do not share this document with others. https://docs.google.com/document/d/1FfovGVOE3lrAB99vQBTqlAoQgtEvxFxFwbpsRML20Qc/edit?usp=sharing 

Given the points above, I’d rate this essay as a ~7/9 in its current stage. 
For more on rating, please see the rubric attached here: 
Please note that our scale is quite harsh! Kevin and Jeff's essays were around 6.5s (and Jeff's was featured in the NYTimes). Furthermore, many of our students have gotten into top Ivy League schools with just a 6! 

Sincerely, 
Sam","“I’m more of a son than my brothers are anyway,” chimed the voice in my head. I fumbled with a red strip of fabric pilfered from Ayah’s closet dangling around my neck like a self-bestowed medallion. The phone on the desk played a video: How to Tie a Tie (EASY).

I pinched the wide end of the tie and crossed it over the narrow one, forming an X. This––the voice declared––was justice!

A batik-patterned shawl sulked at the desk’s edge, protesting at being forsaken. I ignored it, of course. Why must I, a grown 13 year old, listen to a deceptively beautiful leash?

“Wear this to the wedding,” Ibu said earlier, shoving the shawl into my hands alongside an overly-embellished dress that made an impossible feat of walking without tripping. I stopped myself from asking her “why?”––a word she surely is sick of hearing by now since I abused it at every opportunity: why are speed bumps called “sleeping officers”? Were police killed as ritual sacrifice and buried there? Why are many bowls decorated with roosters? To affirm the superiority of the Rooster zodiac? Why can’t I wear what my brothers wore––loose, minimal, while free of scrutiny? Some questions she answered briskly, others vaguely, oftentimes with the dreaded “that’s just how it is.”

Being the only daughter meant noticing double standards early, how I wasn’t allowed to do certain things my brothers could, and neither could Ibu, who compliantly stopped leading prayers to let my brothers, much younger and less experienced, lead, who dismissed feminism as a “western-import,” who often answered my questions with “that’s just how it is,” who did not question at all.

I looped the wide end under the narrow one. Despite being a daughter, I knew I could become the ideal son. When Ibu complained that none of her sons were doing their jobs by watching soccer with Ayah, I stepped in, sitting with other men on benches to shout “GOAAAL!” to all the wrong times.

I pulled the tie through the loop and tugged down. Engaging and competing in martial arts became proof of my value. In Taekwondo practice, when a boy hits hard, I’d try hitting harder.

I slipped the wide end underneath, through the opening. At school, I insisted on wearing trousers over skirts, negotiating with teachers to tweak the uniform policy to accord all students greater freedom to choose.

Knot cinched, the tie was a rather meaningless defiance. But it was something others would not allow and that made it worthwhile.

In the car, I sat next to Ibu. She glanced at me. “Why are you wearing that?! It looks ridiculous. I gave you the shawl.”

I couldn’t hold in the W-word anymore. “Why do I have to wear that?”

“Dress code.”

“So, I have to wear it while they–,” I pointed to my brothers, ”–don’t?”

“What? No! Everyone’s using it. Look, Armand’s already wearing his.”

I twisted from my seat to look at my brother. To my horror, there he was. Sitting. Shawl over his shoulders.

Guilt settled as realisation dawned: I had fancied myself superior for being a skeptic and based my self-worth on my ability to be the “better son,” to surpass others’ expectations, real or perceived. In my insecurity, I became quick to make assumptions and shut my ears, creating a falsified image of others, of my own mother. As a successful woman and engineer, she had battled expectations herself and won––victories I foolishly dismissed. I questioned everything, yet I failed to question myself and my facile judgments.

Beyond learning how to ask for clarifications, I began to appreciate the nuance in others’ beliefs and experiences: I’ve come to value debates with family and friends, seeked their life stories, and go opinion-hunting––even if we’ve disagreed.

Nearing the venue, I pulled out the shawl and confessed to Ibu: “I’m not sure how to wear this.”

“Here. I’ll help.”",5.01,7.5,8.5,8.0,8.0
7,F12E2810T1,CAPS,1yBK7iyh2fjOoms_H2WUpaf8TfOXRzHW8y93QFeOFq_0,6.0,"Requested Type of Feedback: Editor’s Choice (a mix of both)

Student Comments: heres a link to the testing of the chamber if yall are interested. 
https://youtube.com/shorts/hCXK5SrsYjk?si=18UD8JjVXp8GUOe7

Hello, Judson! It’s Hunter, your ElevatEd editor! 😀 I LOVED your story of how you built a turbojet engine. Like I mentioned in the comment, my uncle is actually an engineer, and he has shown me so many neat things about how he optimizes engines every day, and it was so cool to see how you did it yourself. You are awesome! As always, please don’t hesitate to email me directly at hunter@elevated.school if you have any questions after you’ve taken a look at your feedback! 😊

Share an essay on any topic of your choice. It can be one you've already written, one that responds to a different prompt, or one of your own design. (650 words max)

Singed hair is never a good smell, but that is all I smelt after the propane from my turbojet reignited while I was behind it. For my junior year of high school, I decided I would try my hand at building a jet engine. I did some research and decided to make a turbojet engine which utilizes a turbocharger like what can be found on a truck or car, I bought the turbocharger and took some measurements of the intake and exhaust which allowed me to  start working on the combustion chamber formulas which would supply the engine with its fuel. Once the formulas for the combustion chamber were solved it gave me the information I needed to start building the chamber.

For the combustion liner, I used a 2.5"" 304 stainless pipe (a high chromium and nickel iron alloy) with 64 quarter-inch holes drilled in it. That piece was then welded onto a three-eighths piece of stainless steel with a four-inch diameter. For the housing I had a 4"" piece of 304 stainless pipe with a 20-degree taper into the turbocharger; this taper allowed proper airflow between the edge of the liner and the four-inch housing. After these two pieces were welded together, I drilled and tapped the top plate for the spark plug and hose barb fitting. The spark plug was then wired to an ignition coil like what is on a car, this allows it to spark and ignite the propane that is being fed through the hose barb fitting. Through testing the combustion chamber, I saw there was some uneven burn but not enough to affect anything in a major way. The final step was just to bolt it to the turbocharger and hook the propane to it and start it up, but nothing is ever that easy.

Once everything was bolted up and together, I decided to start it, first turning on the oil pump, then spooling the turbine up with an air compressor blower, and finally turning the propane on and sparking the ignition. Sure enough, it ran but not under its own power which was odd I thought. I checked all of my math and even had a teacher at school look it over too, but it just wouldn't run on its own. That had me stumped for over a week tinkering and trying to change stuff and in trying to change what I should have left alone I walked behind the exhaust that was still cherry red from running less than thirty seconds before, some residual propane ignited and singed all the hair from off my calf.

What turned out to be wrong with the engine was the propane was not under enough pressure. It had been at 30 psi when it should have been at 67 psi, it was an extremely simple formula I had forgotten to do that would have saved me time and my hair. However, through this, I realized that slowing down to look work over instead of rushing in and trying to change things is extremely important and could have saved me from the headaches rushing into it caused. 

 The main goal of this project was to build a turbojet engine that could run on many different fuels and generate electricity. Similar to biodiesel, this turbojet was able to run on used cooking oil, used motor oil, and many other byproducts of daily life. Doing this and being able to convert this energy into electricity allowed me to run tools and lights with liquids that would usually have been thrown out.
Hi Judson! 

First off, I want to thank you sincerely for the incredible honor to edit your essay! Working with gifted + talented students like you is the best part of my job, and I couldn’t be more thrilled to read your amazing work. On behalf of our entire team at ElevatEd, we are grateful that you chose us to support you in your college essay journey – you are an incredible writer! 

Before I dive into the feedback of your essay, I want to highlight my top 5 takeaways from your amazing essay: 
Your curiosity and ambition are inspiring! Deciding to build a turbojet engine as a high school junior is nothing short of extraordinary. Your essay captures the boldness of taking on such a challenging and technical project, and it’s clear you’re not afraid to dive deep into complex engineering concepts. This kind of drive and creativity is incredibly impressive and sets you apart as someone willing to tackle problems head-on. Keep letting that curiosity guide you! 
The level of technical detail is fascinating. From your use of 304 stainless steel to calculating combustion chamber formulas, you demonstrate not just your interest but also your technical proficiency. Explaining the materials and processes you used makes the essay engaging and shows how much thought and effort you put into the project. Readers can clearly see your problem-solving mindset and your ability to think like an engineer. 
Your resilience and learning are commendable. The way you tackled setbacks—like figuring out the propane pressure issue—shows incredible determination and resourcefulness. Even when things didn’t work as planned, you stuck with it, tested your assumptions, and ultimately solved the problem. Plus, the lesson you learned about slowing down and carefully reviewing your work is not only relatable but also mature and wise. That singed hair story is a perfect way to make your perseverance relatable and even a little humorous. 😂
You tied the project to a meaningful, real-world goal. Creating a turbojet engine that runs on byproducts like used cooking oil and motor oil is such a thoughtful and innovative way to repurpose waste. Highlighting that your work could help generate electricity and reduce waste elevates your essay by connecting your technical passion to a broader, impactful purpose. It shows you’re not just building for fun—you’re building to make a difference. 
Your storytelling makes your essay memorable. From the smell of singed hair to the frustration of troubleshooting propane pressure, you bring your project to life with vivid, relatable moments. These personal touches make your essay fun to read while still being highly informative. The balance between technical detail and engaging storytelling keeps the reader hooked, showing off both your personality and your talent. Keep bringing that mix of humor and insight to everything you write!


I was particularly impressed with the high level of detail that you included in your writing, and that makes it super clear to the reader that you didn’t just write this because you thought it would sound good on a college application – you are genuinely interested in and passionate about this project. And, I promise you – passion always shines through! I definitely think that your closing paragraph on how you repurposed everyday products for engine fuel is an amazing, amazing testament to your ability to be innovative, and there are so many ways that we can expand on this in your essay to help you stand out even more!  

Now, let’s transition into talking about some simple changes that we can make to your essay that are going to make a BIG difference in helping you stand out! 

Problem-Solution Ratio
The #1 hiccup I found in your common app right now is that over half the essay right now focuses on things happening to you (we call this “problem”). Naturally, this means that less than half of the essay is about you making things happen!

While details related to your background are helpful to understanding the context of your application, admission officers are far more interested in your personal growth and impact on others. Luckily, this problem is not very hard to solve; all you have to do is elaborate more on the sections where you describe how you fixed the problem with the engine and the amount of collaboration and research that went into fixing the problem to fix this ratio!

Here’s how I recommend going about that: 
As a first step, I integrated this template into your essay to help you get a nice starting point for thinking about this: 
Suddenly, it occurred to me—I needed to [describe what you did to realize the problem–who helped you? What did you look up, etc]. I [described your action], which [describe the outcome]. Finally, the turbojet roared—and so did my [heart/spirit].
Within this template, you essentially just need to remove my writing that is in italics and replace it with the actual steps that you took to get the turbojet to work! 
Once you’ve done that, then you can elaborate on how it filled you with so much joy/fulfillment that the engine roared to life! 
And, please don’t copy this exactly, but here is how this could sound: 
Suddenly, it occurred to me—I needed to double-check the pressure calculations for the propane system, something I had overlooked in my initial setup. My physics teacher, who had been a sounding board for my project, encouraged me to revisit the formulas and cross-reference them with my research. I recalculated the required pressure and realized it needed to be 67 psi instead of the 30 psi I had been using. I adjusted the regulator, carefully reassembled everything, and prepared for another test. Finally, the turbojet roared—and so did my heart, thrilled that the engine finally ran under its own power, bringing my vision to life.

Application of your Solution
Most students fall into the fallacy that after they present the solution to the problem, they’re done! But to really spruce up your piece, we need to show the reader how the lessons you learned in coming up with your solution permeated other areas of your life. 

Clearly, in this essay you showed how to think extremely innovatively and persevere until you have solved a problem. Awesome! How did you then carry that over into other extracurriculars, experiences or relationships? Even better, how might you apply that to your college experience? Adding just two or three sentences in your reflection to address this would significantly help! 

Here’s what an example of that might look like:
Like I did above, here is a template that I ingrained into your essay that would help with this: 
 “...[describe how you learned 1) the value of collaborating by involving teachers, other resources, etc; 2) how important interdisciplinary connections are between math + engineering; 3) the value of resilience/not giving up in the face of setbacks/challenges].” 
Within this section, it’s ok to expand (~75 words) on what you truly learned + took away from this experience! This template is a great tool for reflecting on the deeper lessons you learned through your project. It’s not just about showing what you accomplished—it’s about highlighting the personal growth, teamwork, and problem-solving skills you developed along the way. Here’s how you can think about each part of the template:
The value of collaboration: Think about the moments when you reached out for help or used external resources. Did your teacher give you advice that changed your perspective? Did you find a critical formula or technique in a book or online? Reflecting on these moments shows humility and demonstrates that you value teamwork and input from others, which is a key quality for any engineer.
Interdisciplinary connections: Your project isn’t just about building a jet engine—it’s about integrating math, engineering, physics, and even creativity. Think about how you used math to calculate pressures or flow rates and how that directly impacted your design. This part is about recognizing that success in one field often requires knowledge from others and showing how you made those connections.
Resilience in the face of setbacks: Challenges are inevitable in any ambitious project, but the way you approached and overcame them says a lot about your character. Reflect on how you stayed motivated even when the engine wouldn’t run. What kept you going? Sharing this shows grit and determination, qualities that are as important as technical skills.
Here is how this section could sound when it is fully filled out (but, again, include your own takeaways + reflections instead of using this one exactly!)
“Through this project, I learned the value of collaboration by involving my physics teacher, who encouraged me to revisit my calculations when the engine wouldn’t run properly. Their advice to double-check the propane pressure formula was crucial, and I realized how important it is to seek guidance and use all available resources, whether from people or research. I also came to understand how vital interdisciplinary connections are between math and engineering. Solving the combustion chamber equations and applying fluid dynamics principles directly impacted the physical design of the turbojet, showing me how math is the foundation of practical engineering. Finally, this project taught me the value of resilience and not giving up in the face of setbacks. When the engine failed to run on its own power, I spent a week troubleshooting, adjusting, and learning from each mistake. Those moments of frustration ultimately made the success even more rewarding, as they taught me to approach problems methodically and never lose focus.”

One other point that I wanted to mention is that the template I left in the conclusion paragraph (that focuses on how you could take this project and expand it in the future) is an excellent way to tie your project to a broader impact and show how your work addresses real-world challenges. Start by thinking about how using discarded products, like cooking oil or motor oil, reduces waste and helps the environment—whether by cutting down on landfill contributions, reducing reliance on traditional fuels, or creating sustainable energy sources. Then, connect it to the engine’s performance: Did using these fuels change efficiency, cost, or practicality in ways that could be applied to larger-scale systems? Finally, use this as a springboard to talk about your future ambitions. For example, could you build engines that are even more efficient or adaptable? Could this lead to further innovations in renewable energy? By using this structure, you’ll show that your project is not only innovative but also forward-thinking, with plenty of exciting possibilities ahead when you get to college + beyond! 

Overall, you have an extremely solid essay, Judson! You’ve done an incredible job showcasing not just your technical skills but also your ability to reflect on the lessons you learned throughout this ambitious project. Your essay brings your passion for engineering to life with vivid storytelling, thoughtful insights, and a clear sense of purpose. From collaborating with your teacher to troubleshooting setbacks and applying interdisciplinary knowledge, you’ve shown qualities that set you apart as a problem-solver and innovator. Most importantly, your work highlights a resilience and drive that will serve you well in any challenge you take on. Keep pushing boundaries, learning from every experience, and sharing your journey with the same warmth and creativity you’ve brought to this essay—you’re building something extraordinary, both in your projects and in yourself. 

Given the points above, I’d rate this essay as a 6/9 in its current stage, but with making a few simple changes above in ~1 hour of editing, I could easily see this essay reaching an 8+ because of the high level of innovation and critical thinking that you displayed!  
For more on rating, please see the rubric attached here: 
Please note that our scale is quite harsh! Kevin and Jeff's essays were around 6.5s (and Jeff's was featured in the NYTimes). Furthermore, many of our students have gotten into top Ivy League schools with just a 6! 

I am so eager to keep cheering you on! Keep working hard, and I truly cannot wait to see what comes next for you! Feel free to re-upload your essay once you’re finished editing it for another look before your deadline! I truly cannot wait to see the final outcome! 

Sincerely, 
Hunter Tharpe
Your Essay Editor + Biggest Cheerleader in the Admissions Process 


Here is a clean draft of your essay (with all of the suggestions I made that is easily copy-pastable!)
Singed hair is never a good smell. But when the propane from my turbojet reignited while I was behind it, singed hair was all I smelt and ______ was all I felt. As I learned about ______, I was fascinated by ______. When I was ______, I bought the turbocharger and took some measurements of the intake and exhaust, which allowed me to start working on the combustion chamber formulas to supply the engine with its fuel. With this knowledge in hand, I set out to start building the chamber.
I spent ______ hours tapering, welding spark plugs and hose barb fittings, and ultimately testing the combustion chamber. The final step was just to bolt it to the turbocharger, hook up the propane, and start it up—but nothing is ever that easy.
Once everything was bolted up and together, I ______ decided to start it. First, I turned on the oil pump, then spooled the turbine up with an air compressor blower, and finally turned on the propane and sparked the ignition. Sure enough, it ran—but not under its own power, which was odd. I checked all of my math and even had a teacher at school look it over too, but it just wouldn't run on its own.
After tinkering for over a week, ______, I walked behind the exhaust that was still cherry red from running less than thirty seconds before. To my ______, some residual propane ignited—and singed all the hair off my calf and all the confidence from my heart.
Suddenly, it occurred to me—I needed to ______. I ______, which ______. Finally, the turbojet roared—and so did my ______.
As I stood there ______, I realized that ______________, ________________, and _________________. . 
Beyond these lessons, the main goal of this project was to build a turbojet engine that could run on many different fuels and generate electricity. Similar to biodiesel, this turbojet was able to run on used cooking oil, used motor oil, and many other byproducts of daily life. Converting these commonly discarded products into fuel showed ______, and I’m eager to continue exploring ______.","Singed hair is never a good smell, but that is all I smelt after the propane from my turbojet reignited while I was behind it. For my junior year of high school, I decided I would try my hand at building a jet engine. I did some research and decided to make a turbojet engine which utilizes a turbocharger like what can be found on a truck or car, I bought the turbocharger and took some measurements of the intake and exhaust which allowed me to start working on the combustion chamber formulas which would supply the engine with its fuel. Once the formulas for the combustion chamber were solved it gave me the information I needed to start building the chamber.

For the combustion liner, I used a 2.5"" 304 stainless pipe (a high chromium and nickel iron alloy) with 64 quarter-inch holes drilled in it. That piece was then welded onto a three-eighths piece of stainless steel with a four-inch diameter. For the housing, I had a 4"" piece of 304 stainless pipe with a 20-degree taper into the turbocharger; this taper allowed proper airflow between the edge of the liner and the four-inch housing. After these two pieces were welded together, I drilled and tapped the top plate for the spark plug and hose barb fitting. The spark plug was then wired to an ignition coil like what is on a car, this allows it to spark and ignite the propane that is being fed through the hose barb fitting. Through testing the combustion chamber, I saw there was some uneven burn but not enough to affect anything in a major way. The final step was just to bolt it to the turbocharger and hook the propane to it and start it up, but nothing is ever that easy.

Once everything was bolted up and together, I decided to start it, first turning on the oil pump, then spooling the turbine up with an air compressor blower, and finally turning the propane on and sparking the ignition. Sure enough, it ran but not under its own power which was odd I thought. I checked all of my math and even had a teacher at school look it over too, but it just wouldn't run on its own. That had me stumped for over a week tinkering and trying to change stuff and in trying to change what I should have left alone I walked behind the exhaust that was still cherry red from running less than thirty seconds before, some residual propane ignited and singed all the hair from off my calf.

What turned out to be wrong with the engine was the propane was not under enough pressure. It had been at 30 psi when it should have been at 67 psi, it was an extremely simple formula I had forgotten to do that would have saved me time and my hair. However, through this, I realized that slowing down to look work over instead of rushing in and trying to change things is extremely important and could have saved me from the headaches rushing into it caused.

The main goal of this project was to build a turbojet engine that could run on many different fuels and generate electricity. Similar to biodiesel, this turbojet was able to run on used cooking oil, used motor oil, and many other byproducts of daily life. Doing this and being able to convert this energy into electricity allowed me to run tools and lights with liquids that would usually have been thrown out.",0.0,7.5,8.0,8.0,8.5
8,F12E2790T1,CAPS,1IthTi9kEXwJAe5YfLtNAEdPq_g0Jimm34I-YGQGQorc,6.5,"Anna has previously uploaded this essay to our portal 1 time(s). For a link to their previous draft (Draft #1), which was rated a 5.5, see here: https://docs.google.com/document/d/1cA2ulyztbuN_GRYhMIJbhKdL_sIKeuR_bibDKUmZak0/edit?usp=drivesdk

Requested Type of Feedback: Editor’s Choice (a mix of both)

Student Comments: My personal statement message shifted to how I came to understand that my brother's anger was rooted in loneliness. Recognizing this helped me see beyond his anger and realize that everyone seeks connection. This taught me the importance of finding the humanity in everyone. I then want to talk about how I applied this to my club. I am worried about the intro, development, flow, and impact of the message. I'm also not sure how to make the conclusion more impactful and flow better.

Share an essay on any topic of your choice. It can be one you've already written, one that responds to a different prompt, or one of your own design. (650 words max)

His sharp words and erratic behavior frustrated me. My fury boiled over when my brother smashed my computer in yet another argument. I snapped words meant to stab. 

“You always complain about Dad being the problem, but the role he plays in your life – you play that exact role in mine.” My brother, who was never at a loss for words, stood silent. 

I won! I finally silenced him. 

But the triumph was hollow, dissipating almost as quickly as it came. In the aftermath, I was left with unsettling questions that refused to be ignored. Where was the issue?

One evening, after yet another argument with our mother, he stormed into my room. “I hate myself for how I act. All I want is to get along with everyone.” His vulnerability caught me off guard. He expressed insecurities and pain he had never expressed before. For the first time, I saw beyond his anger and saw someone struggling with his loneliness. That moment cracked the shades of resentment. I began to see how my resentment had blinded me –- not only to his humanity but also to the capacity of my own. 

“Want to watch a movie?” he’d ask, and I’d always reply, “Not now, I’m busy.” I couldn’t understand why he couldn’t just watch the movie on his own. I was only protecting my time, but now I realized how often I had dismissed his attempts to connect. Our conflicts weren’t about winning or losing; they were cries for understanding, both his and mine. Compassion began to seep into spaces once filled with anger. I discovered the power of empathy — not as an obligation but as a choice that could set me free. 

“Want to watch a movie?” I asked. He just smiled and said a big, “Sure!” I began to see that connection was such a simple human need but meeting that need was transformative. The simple act of reaching out first began to change our relationship. I couldn’t meet him where he was at all times, but fury was replaced with understanding and bonding. 

I sat down and came to reflect on that change, wondering how often others might feel the same loneliness my brother did but had no place to belong to. I thought about what I could implement in my community in the roles I was in. When I founded the Korean American Student Association at my highschool, my goal was to connect people of shared heritage. But as I grew, so did my vision. People from different backgrounds often wanted to join but hesitated, unsure if they could truly belong. I saw this as a chance to create a space they would also feel welcome in. 

What is the best way to bond different people? A good challenge. That’s how the Spicy Buldak Challenge was born. I thought about how laughter and the shared struggle to eat something impossibly spicy could bring people together. Coordinating the event wasn’t easy, but I believed it was worth it. Thirteen participants braved the spicy Buldak challenge, cheered on by an audience of over thirty students from diverse backgrounds. Students came up to me to express how much fun they’d had and signed up to join the club. The event was a success! The club grew to become a safe space where students could feel connected where they might feel lost in the mass.

My brother’s display of vulnerability broke my mindset free and shined insight: despite the complexity of human relationships, everyone inherently sought connection. I felt like I succeeded in seeking out connection first to bring people together.

Here’s a clean version of what your essay might look like after the edits:

My fury boiled over when my oldest brother, Pattrick, smashed my computer during yet another argument. In a house of eight siblings, quarrels often erupted like summer storms, but his erratic behavior increasingly frustrated me. I snapped words meant to injure. 
“You always complain about Dad being the problem, but the role he plays in your life—you play that exact role in mine.” My brother, never at a loss for words, stood silent. 
I won! I finally silenced him. 
But the triumph was hollow, dissipating almost as quickly as it came. In the aftermath, I was left with unsettling questions that refused to be ignored. What was the real root of our issues?
One evening, after a disagreement with our mother, Pattrick stormed into my room. “I hate myself for how I act. All I want is to get along with everyone.” His vulnerability caught me off guard. He had never before expressed his insecurities and pain. For the first time, I saw beyond his anger and perceived a person struggling with loneliness. That moment cracked open the shades of resentment. My irritation had blinded me—not only to his humanity, but to my capacity to shift our relationship. 
In the past, he’d ask to watch a movie together, and I’d always reply, “I’m busy.” I was only protecting my time, limited as it was in our bustling house, but now I realized how often I had dismissed his attempts to connect. Compassion seeped into spaces once filled with anger. In this moment, I understood the power of empathy—not as an obligation, but as a choice that could set me free. 
“Want to watch a movie?” I asked. Pattrick’s face broke into a rare smile as he exclaimed, “Sure!” This simple act of reaching out reshaped our relationship. I saw that connection was a basic human need, but meeting that need was transformative. I couldn’t meet him where he was at all times, but fury had been replaced with understanding. 
Reflecting on my changed relationship with Pattrick made me wonder if others might feel the same loneliness as my brother, but lack an immediate support system. When I founded the Korean American Student Association at my high school, my goal was to connect people of shared heritage. But as I grew, so did my vision. Students from different backgrounds often wanted to join but hesitated, unsure if they belonged. I saw an opportunity to create a space where they felt welcome. 
What’s the best way to create bonds in a diverse group of people? An enticing challenge. And so the Spicy Buldak Challenge was born. I thought about how laughter and the shared struggle to eat something impossibly spicy (in this case, diabolically hot ramen) could bring people together. Coordinating the event wasn’t easy—[quick list of 2-3 examples of what you had to coordinate]—but it was well worth it. Thirteen participants braved the Spicy Buldak Challenge, cheered on by a raucous audience of over thirty high schoolers. After the event, students from all different backgrounds approached me to express how much fun they’d had, signing up to join the club. [1-2 short sentences quickly describing other club accomplishments, events, initiatives, or outreach.] The club grew into a safe space where students from various walks of life could feel connected instead of lost in the crowd.
My brother’s display of vulnerability cracked open my mindset and uncovered a greater truth: despite the complexity of human relationships, everyone inherently seeks connection. As I leave my busy house for the busier world, I’ll use this hard-earned insight to forge community bonds, whether it’s challenging someone to eat the spiciest ramen they’ve ever tasted, or simply inviting them to watch a movie together.

Word count (including all the fillers and excluding changes you’ll make) → 620 words → you have 30 words to work with!

Hi Anna,

Thank you for sharing your revised CAPS essay with me. You’ve made incredibly effective changes from your last version, honing in on that opening moment with your brother and seamlessly integrating the examples of the Korean American Student Association and Spicy Buldak Challenge (a truly brilliant idea!). Admissions readers will admire how you used the lenses of vulnerability and compassion to enact change, not just with your brother, but on a larger community scale. You should be very proud of what you’ve achieved with this revision! 👏
That being said, and to your note, I have some thoughts on how we can take your essay to the next level!

Further Expanding into Community Initiative Details

As I noted, you’ve done a wonderful job bringing in community focused moments of initiative, and they transition beautifully from that scene and realization with your brother. We might further build on that strength and expand into even more detail on your accomplishment! Let’s look at our original paragraph:

What is the best way to bond different people? A good challenge. That’s how the Spicy Buldak Challenge was born. I thought about how laughter and the shared struggle to eat something impossibly spicy could bring people together. Coordinating the event wasn’t easy, but I believed it was worth it. Thirteen participants braved the spicy Buldak challenge, cheered on by an audience of over thirty students from diverse backgrounds. Students came up to me to express how much fun they’d had and signed up to join the club. The event was a success! The club grew to become a safe space where students could feel connected where they might feel lost in the mass.

The challenge, and your reasoning behind how it will bring people together, is truly brilliant. Let’s spend a little more time in this moment of initiative, lean into language and word choices, show more of how you pulled it together, and give a sense of how the club moved forward after the event’s success. This might look like:

What’s the best way to create bonds in a diverse group of people? An enticing challenge. And so the Spicy Buldak Challenge was born. I thought about how laughter and the shared struggle to eat something impossibly spicy (in this case, diabolically hot ramen) could bring people together. Coordinating the event wasn’t easy—[orchestrating social media promotion and raising money for our ramen and refreshments]—but it was well worth it. Thirteen participants braved the Spicy Buldak Challenge, cheered on by a raucous audience of over thirty high schoolers. After the event, students from all different backgrounds approached me to express how much fun they’d had, signing up to join the club. [Our membership swelled, and we expanded our events to include hosting monthly dinners and movie nights.] The club grew into a safe space where students from various walks of life could feel connected instead of lost in the crowd.

I’ve used illustrative examples in the brackets, which you of course will want to replace with your own authentic examples! The big idea is to linger in this moment a little longer with specifics, and stay within our word count (we have about fifty words maximum to work with in these sections if using the clean draft).
Bring Us Full Circle With Your Conclusion

Let’s look at our original conclusion:

My brother’s display of vulnerability broke my mindset free and shined insight: despite the complexity of human relationships, everyone inherently sought connection. I felt like I succeeded in seeking out connection first to bring people together.

Your takeaway in that first sentence is fantastic, and a great way to lead us into your conclusion. However, that second sentence feels a little unfinished–it’s somewhat uncertain and vague. Instead, let’s recall the major motifs of the essay, and add a forward looking focus for our college-minded readers! This could look like:

My brother’s display of vulnerability cracked open my mindset and uncovered a greater truth: despite the complexity of human relationships, everyone inherently seeks connection. As I leave my busy house for the busier world, I’ll use this hard-earned insight to forge community bonds, whether it’s challenging someone to eat the spiciest ramen they’ve ever tasted, or simply inviting them to watch a movie together.
You might find it helpful to check our successful Common App example essays here: 
https://docs.google.com/document/d/1FfovGVOE3lrAB99vQBTqlAoQgtEvxFxFwbpsRML20Qc/edit?usp=sharing

We kindly ask that you do not share this document with others. 

Given the points above, I’d rate this essay as a ~6.5/9 in its current stage. I have no doubt that you can easily take it into 6.5+ territory by addressing the inline edits, filling out some of your details around the club as noted, and adjusting your conclusion, especially for a forward focus.

For more on rating, please see the rubric attached here: 
Please note that our scale is quite harsh! Kevin and Jeff's essays were around 6.5s (and Jeff's was featured in the NYTimes). Furthermore, many of our students have gotten into top Ivy League schools with just a 6! 


Truly fantastic work, Anna. I’m rooting for you!

Warmly,

Tanya","His sharp words and erratic behavior frustrated me. My fury boiled over when my brother smashed my computer in yet another argument. I snapped words meant to stab. 

“You always complain about Dad being the problem, but the role he plays in your life – you play that exact role in mine.” My brother, who was never at a loss for words, stood silent. 

I won! I finally silenced him. 

But the triumph was hollow, dissipating almost as quickly as it came. In the aftermath, I was left with unsettling questions that refused to be ignored. Where was the issue?

One evening, after yet another argument with our mother, he stormed into my room. “I hate myself for how I act. All I want is to get along with everyone.” His vulnerability caught me off guard. He expressed insecurities and pain he had never expressed before. For the first time, I saw beyond his anger and saw someone struggling with his loneliness. That moment cracked the shades of resentment. I began to see how my resentment had blinded me –- not only to his humanity but also to the capacity of my own. 

“Want to watch a movie?” he’d ask, and I’d always reply, “Not now, I’m busy.” I couldn’t understand why he couldn’t just watch the movie on his own. I was only protecting my time, but now I realized how often I had dismissed his attempts to connect. Our conflicts weren’t about winning or losing; they were cries for understanding, both his and mine. Compassion began to seep into spaces once filled with anger. I discovered the power of empathy — not as an obligation but as a choice that could set me free. 

“Want to watch a movie?” I asked. He just smiled and said a big, “Sure!” I began to see that connection was such a simple human need but meeting that need was transformative. The simple act of reaching out first began to change our relationship. I couldn’t meet him where he was at all times, but fury was replaced with understanding and bonding. 

I sat down and came to reflect on that change, wondering how often others might feel the same loneliness my brother did but had no place to belong to. I thought about what I could implement in my community in the roles I was in. When I founded the Korean American Student Association at my high school, my goal was to connect people of shared heritage. But as I grew, so did my vision. People from different backgrounds often wanted to join but hesitated, unsure if they could truly belong. I saw this as a chance to create a space they would also feel welcome in. 

What is the best way to bond different people? A good challenge. That’s how the Spicy Buldak Challenge was born. I thought about how laughter and the shared struggle to eat something impossibly spicy could bring people together. Coordinating the event wasn’t easy, but I believed it was worth it. Thirteen participants braved the spicy Buldak challenge, cheered on by an audience of over thirty students from diverse backgrounds. Students came up to me to express how much fun they’d had and signed up to join the club. The event was a success! The club grew to become a safe space where students could feel connected where they might feel lost in the mass.

My brother’s display of vulnerability broke my mindset free and shined insight: despite the complexity of human relationships, everyone inherently sought connection. I felt like I succeeded in seeking out connection first to bring people together.",5.54,6.5,8.0,8.5,7.5
9,F14E583T1,CAPS,1hASWvuJwuIFgWI8dD94EnpuX5If0o6IEqf_XvivCywc,7.5,"Justin has previously uploaded this essay to our portal 3 time(s). For a link to their previous draft (Draft #3), which was rated a 7, see here: https://docs.google.com/document/d/1Hi2hiRUZcjsRF1c7Mc7EZRkyAOtVtQpVky1-MnvqjQg/edit?usp=drivesdk

Requested Type of Feedback: Editor’s Choice (a mix of both)

Student Comments: i feel like this needs help mostly with the hook, conclusions, and solidifying the ramp motif/metaphor throughout the essay. If i can get as many in-line edits (rather than comments) as possible, because of time constraints, and get it to word count that would be fantastic. Thanks so much for your help Karen and Jeff!

Share an essay on any topic of your choice. It can be one you've already written, one that responds to a different prompt, or one of your own design. (650 words max)

Ramps. To most people, they’re just inclines, sidewalks on a tilt, or flat stairs. I know ramps as  launchpads for creativity. 
It started eight years ago, when I became a scooter-fanatic. Skateparks became my second-home, a place where I learned tricks and made life-long friends. Then the pandemic hit, locking-down my community.
My solution? Build my own park.
Armed with a few sheets of plywood, a dab of wood glue, and an excess of optimism, I hacked together my first ramp. Hours later, as I attempted a 360, it collapsed beneath me. Lesson learned: recklessly improvising a curved take-off with a rusty saw doesn’t cut it — literally.
Swallowing my pride (and some sawdust), I decided to try again, like a NASA engineer preparing for liftoff. This time, I sketched a blueprint full of detailed measurements, and set course to Home-Depot. I hunted down 2x4s for the ramp’s inner-supports and plywood for the ramp faces. Hours later in my garage, a robust kicker ramp lay before me, proudly spray-painted with “N-A-S-A”.
	Grinning ear-to-ear as I flew through the air (new knee scrapes and all), I realized that while my off-the-cuff excitement helped me quickly hammer together ramps, it was detailed planning that helped them last.

*** 
“Who wants to match some poop?!” I asked.
I had wheeled my rubber poop cart into the museum to prepare a new group of kids for Scat-Match: a matching game for animals and their feces.
Thinking these children would be well behaved, like the kids I coached in volleyball, I was unpleasantly surprised to see them just flung the scat around, ignoring me and my explanations.
I had to ramp up their curiosity somehow.  
I turned toward Eddie, a 4th grader stumped at the lumps.  I tried guiding—ramping—him to get him to answer: ""Do you have cats? Have you seen their poop?"" Eddie picked up the mountain lion scat, placed it with the cougar photo and said, “My cat’s poo kinda looks like this one!” Nearby, Nari was confused between the deer and snake scat. “The lion’s scat is big and chunky,” I prompted, “what might a snake’s look like?” 
With a bit of spontaneous improvisation, just as I had carefully carved that curved take-off years prior, I now guided each student. When Eddie asked, “Why is some poop round and some long and squiggly” and “Why do people study poop?”—I knew I started a learning movement—more than just a bowel one. 
And this time, it would continue rolling onwards. 

***

It was horror-movie night with friends. After watching Bird Box, I proposed a themed hide-and-seek: the seeker would be blindfolded, wandering like the movie’s protagonist, while the rest of us hid as “invisible monsters.”  Chaos erupted as Kris squeezed his chubby frame behind the TV, nearly toppling it, and Jason wriggled under the sofa. I quickly hatched a plan: I lifted my hand… 1, 2, 3. Tony was bombarded with couch cushions and Nerf darts, crumpling to the ground in defeat. 
Exhausted, we sprawled on the carpet among stray popcorn kernels as we watched the Taiwanese horror film Incantation, our next film. As Ronan performs the ritual in the tunnel to remove the curse from Dodo, her daughter, I noted parallels to the Korean horror film The Wailing: 
“It’s like when the shaman and priest try to save Hyo-jin in The Wailing, but rooted in different cultural beliefs.”
After a couple Google searches, Tony added: “Yeah, seems to be Buddhist versus Korean shaman and Christian beliefs. But the common theme—unrelenting parental love.”
As we discussed, I felt our curiosity building.
“And both toy with trust—like is the Jap evil? Are the cult’s taboo warnings true? The whole time you're just as lost as the parents,” said Andrew.
As we chatted for hours, that night became one of our most memorable movie nights. The best plans leave room for spontaneity, in both games and conversations.

From crafting a Superman-worthy kicker ramp, to designing a lesson that keeps kid’s learning momentum rolling, to movie nights that bring laughter and build curiosity, I’ve learned that planning gives you a strong foundation. But, spontaneity makes you airborne. I’ll continue to ramp my way step-by-step to my dreams.
Hey Justin! 

Thanks for submitting this essay! Incredible work with implementing all of the revisions (which weren’t unsubstantial!) so quickly. The essay reads a lot more smoothly now, and I love how you did the movie-night dialogue! It shows that informal learning scene, and I can see more of your personality through how you interact with your friends and speak to them, compared to the accomplishment/teaching moment. 

In terms of next steps/improvements, I agree it’s polishing the hook, the conclusion, pushing the ramp motif more. I also made minor polishes on the new additions (the dialogue) to get it to flow better. I also think that the last sentence might be too redundant, since we’ve pushed the motif so much in the rest of the essay, and also “building my dream” or “to my dream” is a bit cliche, so I’ve taken it out. 

Here’s a clean copy: (637 without the last sentence) 

Ramps. To most people, they’re just inclines, or flat stairs. I know ramps as my metaphorical (and literal!) launchpad. 
It started eight years ago, when I became a scooter-fanatic. Skateparks became my second-home, a place where I learned wheelies and made lasting friends. Then the pandemic hit, locking-down my community.

So, I built my own park.

Armed with a few sheets of plywood and an excess of optimism, I hacked together my first ramp. Hours later, mid-360-attempt, it collapsed beneath me. Lesson learned: recklessly improvising a curved take-off with a rusty saw doesn’t cut it — literally.

Swallowing my pride (and some sawdust), I decided to try again, NASA-engineer style. This time, I sketched a blueprint full of detailed measurements, and set course to Home-Depot in the hunt for 2x4s. Hours later, a robust kicker ramp lay before me, proudly spray-painted with “N-A-S-A”.
	As I flew through the air (new knee scrapes and all), I realized that while my off-the-cuff excitement helped me quickly hammer together ramps, it was detailed planning that helped them last. Ramp Justin was ready for liftoff. 

*** 
“Who wants to match some poop?!” I announced.
I wheeled my rubber poop cart into the museum for a new round of Scat-Match: animal-feces matching game.
Thinking these children would be well behaved, like the volleyball kids I coach, I was unpleasantly surprised to see them just flinging the scat around, ignoring my explanations.

I had to ramp up their curiosity.  

I turned toward Eddie, a 4th grader stumped at the lumps. I tried ramping him up to the answer: ""Do you have cats? Have you seen their poop?"" Eddie picked up the mountain lion scat, placed it with the cougar photo and said, “It kinda looks like this one!” Nearby, Nari was confused between the deer and the snake scat. “The lion’s scat is big and chunky,” I prompted, “what might a snake’s look like?” 
With a bit of spontaneous improvisation, just as I had carefully carved that curved take-off years prior, I now guided each student to solving the puzzle themselves. When Eddie asked, “Why is some poop round and some long and squiggly” immediately followed by “Why do people study poop and can I go poop?”—I knew I started a learning movement. (More than just a bowel one, at least) 

This time, my ramp let their questions take flight. 

***

It was horror-movie night with friends. After “Bird Box”, I suddenly proposed a themed hide-and-seek: the seeker would be blindfolded like the movie’s protagonist, while the rest of us hid as “invisible monsters.” You could see their excitement visibly ramp up. Chaos soon erupted as Kris squeezed his chubby frame behind the TV, nearly toppling it, and Jason wriggled under the sofa. I quickly hatched a plan: I lifted my hand… 1, 2, 3. Tony, our poor protagonist, was bombarded with couch cushions and Nerf darts, crumpling in defeat. 
Exhausted, we all sprawled on the carpet as we watched the next film, the Taiwanese horror film “Incantation”. As Ronan performed the ritual to remove the curse from her daughter Dodo on screen, I noted parallels to the Korean horror film “The Wailing”.  
“It’s like when the shaman and priest try to save Hyo-jin in The Wailing, but rooted in different cultural beliefs.”
Tony added: “Yeah, seems to be Buddhist versus Korean shaman and Christian beliefs. But the common theme—unrelenting parental love.”
As we discussed, I felt our curiosity gaining traction.
“And both toy with trust—like is the Jap evil? ” commented Andrew.
As we chatted for hours, that movie night became our most memorable, because we left room for spontaneity.

From crafting a Superman-worthy kicker ramp, to keeping a kid’s learning momentum rolling, to movie nights that bring Nerf fights and philosophy, I’ve learned planning gives you a strong foundation, but spontaneity makes you airborne. 


Last but not least, to help with your writing journey, feel free to check our successful Common App example essays here! We kindly ask that you do not share this document with others. https://docs.google.com/document/d/1FfovGVOE3lrAB99vQBTqlAoQgtEvxFxFwbpsRML20Qc/edit?usp=sharing

Given the points above, I’d rate this essay as a ~7.5/9 in its current stage, and with this revision, an 8+! 
For more on rating, please see the rubric attached here: 
Please note that our scale is quite harsh! Kevin and Jeff's essays were around 6.5s (and Jeff's was featured in the NYTimes). Furthermore, many of our students have gotten into top Ivy League schools with just a 6! 

Sincerely, 

Karen","**Ramps.** To most people, they’re just inclines or flat stairs. I know ramps as launchpads for creativity.

It started eight years ago when I became a scooter fanatic. Skateparks became my second home, a place where I learned tricks and made lifelong friends. Then the pandemic hit, locking down my community.

So, I built my own park.

Armed with a few sheets of plywood and an excess of optimism, I hacked together my first ramp. Hours later, mid-360 attempt, it collapsed beneath me. Lesson learned: recklessly improvising a curved take-off with a rusty saw doesn’t cut it—literally.

Swallowing my pride (and some sawdust), I decided to try again, NASA-engineer style. This time, I sketched a blueprint full of detailed measurements and set course to Home Depot in the hunt for 2x4s. Hours later, a robust kicker ramp lay before me, proudly spray-painted with “N-A-S-A.” As I flew through the air (new knee scrapes and all), I realized that while my off-the-cuff excitement helped me quickly hammer together ramps, it was detailed planning that helped them last. Ramp Justin was ready for liftoff.

***

“Who wants to match some poop?!” I announced. I wheeled my rubber poop cart into the museum for a new round of Scat-Match: an animal-feces matching game. Thinking these children would be well behaved, like the volleyball kids I coach, I was unpleasantly surprised to see them just flinging the scat around, ignoring my explanations.

I had to ramp up their curiosity.

I turned toward Eddie, a 4th grader stumped at the lumps. I tried ramping him up to the answer: ""Do you have cats? Have you seen their poop?"" Eddie picked up the mountain lion scat, placed it with the cougar photo, and said, “It kinda looks like this one!” Nearby, Nari was confused between the deer and the snake scat. “The lion’s scat is big and chunky,” I prompted, “what might a snake’s look like?” With a bit of spontaneous improvisation, just as I had carefully carved that curved take-off years prior, I now guided each student to solve the puzzle themselves. When Eddie asked, “Why is some poop round and some long and squiggly,” quickly followed by “Why do people study poop and can I go poop?”—I knew I started a learning movement. (More than just a bowel one, at least.)

This time, my ramp let their questions take flight.

***

It was horror-movie night with friends. After “Bird Box,” I suddenly proposed a themed hide-and-seek: the seeker would be blindfolded like the movie’s protagonist, while the rest of us hid as “invisible monsters.” You could see their excitement visibly ramp up. Chaos soon erupted as Kris squeezed his chubby frame behind the TV, nearly toppling it, and Jason wriggled under the sofa. I quickly hatched a plan: I lifted my hand… 1, 2, 3. Tony, our poor protagonist, was bombarded with couch cushions and Nerf darts, crumpling in defeat.

Exhausted, we all sprawled on the carpet as we watched the next film, the Taiwanese horror film “Incantation.” As Ronan performed the ritual to remove the curse from her daughter Dodo on screen, I noted parallels to the Korean horror film “The Wailing.”  
“It’s like when the shaman and priest try to save Hyo-jin in The Wailing, but rooted in different cultural beliefs.” Tony added: “Yeah, seems to be Buddhist versus Korean shaman and Christian beliefs. But the common theme—unrelenting parental love.” As we discussed, I felt our curiosity gaining traction. “And both toy with trust—like is the Jap evil?” commented Andrew. As we chatted for hours, that movie night became our most memorable because we left room for spontaneity.

From crafting a Superman-worthy kicker ramp to keeping a kid’s learning momentum rolling to movie nights that bring Nerf fights and philosophy, I’ve learned planning gives you a strong foundation, but spontaneity makes you airborne.",8.0,8.0,8.0,8.0,8.5
